comment;date;user;hate
alroooo ğŸ˜‚uncle u to;2023-07-23T12:15:02.360871+00:00;UCddj6E4UECPUGwU-ARcnfTw;0
Pinky ğŸŒš;2023-07-23T12:15:18.476472+00:00;UCA6WVKRpSNdXW2tyz8wh9PA;0
#YoBen:face-orange-biting-nails:u can't leave this job;2023-07-23T12:15:30.051004+00:00;UCi1lCLY8Q1RNXqr5ZbCA6FA;0
Harry brother hellooooooooooo itnayy dinoooo baad ?;2023-07-23T12:15:41.761265+00:00;UCoMXkSUphnvCnuBhPYeJMbQ;0
oye em baadalu unnayi mowa ğŸ¤”ğŸ˜‚ğŸ˜‚;2023-07-24T13:54:31.593468+00:00;UCf_xfhfIocJ_TeRvt6wwPrQ;1
music sunti ho kya;2023-07-24T13:54:40.407968+00:00;UChiycYOI9FQ3tTqnmFy0uzw;0
ğŸµğŸ¶;2023-07-24T13:54:48.204651+00:00;UCS-96wasdC3HgIgqapC0lSQ;0
piak ikan wd;2023-07-24T13:55:06.252588+00:00;UCgg8yKtcrVrcFHcok-XSkXQ;0
Xittt;2023-07-24T13:55:14.064378+00:00;UCzjpWxgQAKsrrXRL7YU5JLg;0
:cat-orange-whistling:;2023-07-24T13:55:24.85714+00:00;UCFYXW8PjGx3s5F0HaMfCZhw;0
ğŸ¤‘ğŸ’µğŸ¤‘ğŸ’¸ğŸ¤‘ğŸ’°paise bnao paise! ğŸ¤ª;2023-07-24T13:55:29.24301+00:00;UC54rYOPO5THlEmLr2hAeQRw;0
Ø§Ù„Ø¹Ø±Ø§Ù‚ ÙˆØ§Ù†Øª;2023-07-24T13:55:42.209574+00:00;UCGsArAfzIRerkX0cZjSFKEw;0
assignment complete kr liya;2023-07-24T13:55:53.14952+00:00;UCFYXW8PjGx3s5F0HaMfCZhw;0
lol ğŸ˜‚;2023-07-24T14:09:43.749624+00:00;UCf_xfhfIocJ_TeRvt6wwPrQ;0
okay then ğŸ˜;2023-07-24T14:10:04.574584+00:00;UC1FqeBl3nuY4kHPB95GZ6DQ;0
or kon?;2023-07-24T17:34:20.473179+00:00;UCx5XtqX58prrCBZ_QDkhm_Q;0
Behn stokes;2023-07-24T17:34:32.909247+00:00;UCm4L0q4YPAL0lFH-7zhvvrg;0
Ishkia are yrr ğŸ¤ªğŸ¤ªğŸ˜‚ğŸ¤­;2023-07-24T17:34:41.544484+00:00;UCJTUqXA9_39Hx4iR7TlJK_g;0
exit;2023-07-24T17:34:57.514376+00:00;UCdHlNQu43SvCv4c-vMnagHA;0
Bhajman narayan narayan hari hari ğŸµ;2023-07-24T17:35:13.522563+00:00;UCm4L0q4YPAL0lFH-7zhvvrg;0
hii hunk;2023-07-24T17:37:38.132839+00:00;UCCvotrewTnHurkjcrA6beqQ;0
ishika tum din me bhi ati ho ğŸ¤”;2023-07-24T17:37:49.282025+00:00;UCMDkTbakfWoMfXuu1cMuCqA;1
!â™¡;2023-07-24T17:50:44.851823+00:00;UCjIeLXmWT_c2YGJ7H2iPjQg;0
yesss ğŸ˜‚...im;2023-07-24T17:51:03.061102+00:00;UCrkTOZ25Q04VFva47nbA88w;0
!key to sleep;2023-07-24T17:51:11.10062+00:00;UCBHtUvIucAYf_3ZvbOydnjw;0
Good night all;2023-07-24T17:51:23.875882+00:00;UCJTUqXA9_39Hx4iR7TlJK_g;0
kathal ki sabji =chicken;2023-07-24T17:51:34.159064+00:00;UCSi2cD8igTeR9bA2OFVxynw;0
:yougotthis:;2023-07-24T17:51:51.449425+00:00;UCsZ2vjAzILBAjne0Co8NQBA;0
ğŸŒ´;2023-07-24T17:52:11.1525+00:00;UCEpxIqTKwlfwd6q92EFcuOA;0
......;2023-07-24T17:52:25.228714+00:00;UCjPDRoFoBBCOB2GWW6ucuyA;0
sad soul ğŸ¤£;2023-07-24T17:52:32.537412+00:00;UCMDkTbakfWoMfXuu1cMuCqA;0
i have bluetooth headphones;2023-07-24T17:52:45.538933+00:00;UCTJ68jMAIvXG1PmrGX7Wmfw;0
in my words now some body else think diferent;2023-07-24T17:52:53.926571+00:00;UCSbuhtf0Kq1TvfbOcOe2zFw;0
@Akash curiosity hidre maja hiruthe halağŸ˜†ğŸ˜†;2023-07-24T17:53:03.06075+00:00;UCKg_ibeRU-q2DJVWEytnBwg;1
ok..essa foto Ã© fogo;2023-07-24T17:53:19.174921+00:00;UCfM_bYbnMhLFPKvlbj8MKLA;0
ğŸ˜‚;2023-07-24T17:53:32.259567+00:00;UCfM_bYbnMhLFPKvlbj8MKLA;0
ğŸµ;2023-07-24T17:53:59.672467+00:00;UCOev7eVUOovSa1a-aKkjzzQ;0
Hey JOHN, enjoy The Good Life :);2023-07-24T17:54:23.97467+00:00;UCSvjQBDgYDB5TGVmCZObcwA;0
Singh Saab yes Me and Mom always do the same;2023-07-24T17:54:36.549237+00:00;UCWjLc-TOjs7ZSfcBDndbZmw;0
@Akanksha Singh bye gn;2023-07-24T17:54:47.776178+00:00;UCoQFx3Pt4rJUWPWPYVlWyqQ;0
But Mereko Bengali aati ğŸ˜‚lol;2023-07-24T17:54:56.46491+00:00;UCH73PeftKqFHdxA7U8GzhLQ;0
kaÅŸ ki whatsappdan istifadÉ™ edÉ™ bilÉ™sÉ™n;2023-07-24T19:49:55.482102+00:00;UCy4r5gZidS1j_DQ21S2IRDA;0
ğŸ¶;2023-07-24T19:50:08.513252+00:00;UC3HkOpFkWLnXHu1pK0xlQdQ;0
u come;2023-07-24T19:50:18.921816+00:00;UC_PIcVa8MYm10cO4pGW1zoQ;0
Ashvi are you kannada girl:hand-orange-covering-eyes::hand-orange-covering-eyes::hand-orange-covering-eyes:;2023-07-24T20:03:24.698248+00:00;UCX7uRqdce_JiOcon8gtm1Bw;1
Flame are you melli?;2023-07-24T20:03:35.631483+00:00;UCnNGolNY9AM4aqobirvWt_A;0
ğŸ§;2023-07-24T20:04:53.966163+00:00;UC00fpsQMgequr7-ZbdzxzvQ;0
hi;2023-07-24T20:05:00.788853+00:00;UCyp4pv-m_JN-MvayZTbPVlw;0
oh;2023-07-24T20:05:06.558629+00:00;UC00fpsQMgequr7-ZbdzxzvQ;0
yagmur nice name.. ğŸ˜…;2023-07-24T20:05:12.369408+00:00;UCtavRqD9Ox4b3SvC8-VpUBA;0
cya;2023-07-24T20:05:27.788531+00:00;UCjPDRoFoBBCOB2GWW6ucuyA;0
yes;2023-07-24T20:05:37.383652+00:00;UCR4DYmLCWCuX3iD3IkL4skQ;0
hal vich thoda thoda;2023-07-26T16:57:13.843113+00:00;UCRyjMFJvTD52ytyqFT19l-g;0
13:57pm ğŸ‡§ğŸ‡·âœ¨ğŸ¨;2023-07-26T16:57:21.111264+00:00;UCZwWpbvus9Q9N6SVk_gblhQ;0
@Sweta dada ji nahi dost ji kahoğŸ¤¨ğŸ¤¨ğŸ˜¹ğŸ˜¹ğŸ™ˆ;2023-07-26T16:57:36.556697+00:00;UCZhbu1YQ0dPkWnLHjl31dxg;0
pass hi lete sb room ğŸ˜¼;2023-07-26T16:57:44.357376+00:00;UCWDOBjZaNf0o59TH9UMlc3w;0
tum aankhon se batana hum nahi smjhenge ~â™ª;2023-07-26T16:57:49.44877+00:00;UClYAGJ0aNDuqfDTCrLdlz-Q;0
"I saw the last text ""dhoka de dia"" and it happens with boys";2023-07-26T16:58:16.101752+00:00;UClYAGJ0aNDuqfDTCrLdlz-Q;0
Dinner hu aapka @Diya;2023-07-26T16:58:27.872294+00:00;UCpvMb_1DC0TP8Gs6s6vploQ;0
bulbul apna shakl bhi dikhao kbhi;2023-07-26T16:58:35.906802+00:00;UCfM_bYbnMhLFPKvlbj8MKLA;0
videos bnate ho phir ?;2023-07-26T16:58:52.217472+00:00;UCWDOBjZaNf0o59TH9UMlc3w;0
nahi 1-2 videos Dali thi ba;2023-07-26T16:59:15.169226+00:00;UChYolbZ1Xj06xDObh02c6fw;1
HAAN .... JAB KOI BANAKE NOI DETA;2023-07-26T16:59:30.430932+00:00;UCgzvI4c_ucF1NVRaP41vc7Q;0
#NOBODY nah it's not demon , it's the other side of you who's weak but not just weak weak is naive and cares about others;2023-07-26T16:59:38.410413+00:00;UCO9gOa7SkIxWK0OhhWNb6pg;0
:elbowcough::elbowcough::elbowcough:;2023-07-26T16:59:44.576188+00:00;UCKg_ibeRU-q2DJVWEytnBwg;0
@Titan sweta pat gyi mtlb?;2023-07-26T17:00:00.251134+00:00;UCFdTTXOLJ8NHYKEXJD9o3YQ;0
ok nitesh krungi bad m;2023-07-26T17:00:14.275608+00:00;UCWDOBjZaNf0o59TH9UMlc3w;0
ohh badhiya h enjky;2023-07-26T17:00:30.869112+00:00;UCNnN10bIpDnd4dg_HUEySzA;1
TAKE CARE .. KEEP SMILING : );2023-07-26T17:00:37.68092+00:00;UCgzvI4c_ucF1NVRaP41vc7Q;0
hmm;2023-07-26T17:00:53.848838+00:00;UCNnN10bIpDnd4dg_HUEySzA;1
:glasses-purple-yellow-diamond:;2023-07-26T17:01:03.834126+00:00;UCiaJAVFdG1jcTtqfqlkYV2w;0
If you like the music on the stream, you can follow our playlist on Spotify for all songs: https://open.spotify.com/user/sensualmusique/playlist/7cWNW1fBpQRcJNpCP0eqpX?si=npzjzBKnSpeI2ylcy4QrOA;2023-07-26T17:01:23.6592+00:00;UCSvjQBDgYDB5TGVmCZObcwA;0
this chat is becomin lgbtğŸ¤®;2023-07-26T17:01:33.9142+00:00;UCfM_bYbnMhLFPKvlbj8MKLA;0
@Titan ğŸ˜†;2023-07-26T17:01:41.836553+00:00;UCFdTTXOLJ8NHYKEXJD9o3YQ;0
#NOBODY that's still the other side of you who's scared of success;2023-07-26T17:01:52.492783+00:00;UCO9gOa7SkIxWK0OhhWNb6pg;0
k beye beye beye;2023-07-26T17:02:01.788011+00:00;UCUxMCMcqsw4zXN7lhqY3tKA;0
oh no ğŸ™‚ğŸ˜‚;2023-07-26T17:02:15.486128+00:00;UCFdTTXOLJ8NHYKEXJD9o3YQ;0
hello;2023-07-26T17:02:29.168666+00:00;UCsuLAmQHZ-87XOulbNxpVeA;0
@NIKKA;2023-07-26T17:02:35.606559+00:00;UC3WkvHFlNmaAd20AUjZ_gDQ;0
@Arjun kese ho...;2023-07-26T17:02:58.415937+00:00;UCcCr8H08hHqKUlDlojFLgkQ;0
@Animesh kaisi ho dost bade chup chup se ho kuch hua hai kya?;2023-07-26T17:03:08.500348+00:00;UCoQFx3Pt4rJUWPWPYVlWyqQ;0
shhhh dheere bolo baba ramdev ğŸ˜†;2023-07-26T17:03:32.258016+00:00;UCFdTTXOLJ8NHYKEXJD9o3YQ;0
â˜€ï¸ğŸ–ï¸;2023-07-26T17:03:50.683109+00:00;UCkdVhLZ5eNev6s0KOyDxT8g;0
Sydney love u:face-red-heart-shape:;2023-07-26T17:04:00.518994+00:00;UCP30FyPjeLGoOR5aHpHWvUA;0
wish u were here;2023-07-26T17:04:09.864862+00:00;UCB2rgOtzwETGM-m7plc4M3A;0
harsh kaha gyağŸ¥´ğŸ¥´ğŸ¥´;2023-07-26T17:04:32.207845+00:00;UCvT5eMRvb_CfLoU9PguV62A;0
Sydney may I come;2023-07-26T17:04:47.887262+00:00;UCNF_Uaj-Y-vmXes2jwS6PCQ;0
@Aarohi guess karoğŸ˜³;2023-07-26T17:05:02.259165+00:00;UCZhbu1YQ0dPkWnLHjl31dxg;0
ğŸ¶ğŸ¶;2023-07-26T17:05:14.9258+00:00;UCKg_ibeRU-q2DJVWEytnBwg;0
@Sweta ok;2023-07-26T17:05:23.203253+00:00;UCs_TIOQtLdmI8RmWkdA707g;0
wlcm rey;2023-07-26T17:05:44.351663+00:00;UCNnN10bIpDnd4dg_HUEySzA;0
ğŸ˜ğŸ˜ğŸ˜ğŸ˜ğŸ˜;2023-07-26T17:05:51.259221+00:00;UCNYzPr0Ojoeqi28-aHdSoWg;0
Aru thanks;2023-07-26T17:06:03.808602+00:00;UCCWSBIGuTml7yKyOKRaXIPw;0
ğŸ˜¸;2023-07-26T17:06:21.692604+00:00;UCtY0RqKXQ59-oB5IzBngIWg;0
Hey V, enjoy The Good Life :);2023-07-26T17:06:28.949851+00:00;UCSvjQBDgYDB5TGVmCZObcwA;0
ğŸ‘;2023-07-26T17:06:41.018813+00:00;UC20qvo5xgKDnM_Cryjit1FQ;0
danser Ã  la maison toute la journÃ©eğŸ§ğŸ˜‚ğŸ¤­;2023-07-26T17:06:59.082443+00:00;UCkdVhLZ5eNev6s0KOyDxT8g;0
raj what;2023-07-26T17:07:18.453785+00:00;UC20qvo5xgKDnM_Cryjit1FQ;0
ğŸ˜¡;2023-07-26T17:07:28.774691+00:00;UCOjVVztaEQGJBSnIcb3aMhQ;1
,;2023-07-26T17:07:37.51884+00:00;UCUxMCMcqsw4zXN7lhqY3tKA;0
ğŸ¶appna he shaya dekh ke tum jaane jaha sarma gayeğŸ“»ğŸ¶;2023-07-26T17:07:47.443673+00:00;UCoQFx3Pt4rJUWPWPYVlWyqQ;0
se traduit en espagnol ou en italien;2023-07-26T17:08:07.393517+00:00;UCkdVhLZ5eNev6s0KOyDxT8g;0
vkus jk;2023-07-26T17:08:14.76365+00:00;UCwKdTAjM9RXlUeyA05KTM3Q;0
kelvin ğŸ¤—;2023-07-26T17:08:34.983135+00:00;UC-gTWT_u2ADcC0-y82nQVhQ;0
@Aarohi ğŸ¤”accha accha ladki lag rha maiğŸ˜³ğŸ˜³;2023-07-26T17:08:44.342932+00:00;UCZhbu1YQ0dPkWnLHjl31dxg;0
ğŸ˜­ğŸ˜­ğŸ˜¹ğŸ˜¹ğŸ¥µ;2023-07-26T17:09:04.522749+00:00;UCZhbu1YQ0dPkWnLHjl31dxg;0
Hey Bottomless sea, enjoy The Good Life :);2023-07-26T17:09:15.579615+00:00;UCSvjQBDgYDB5TGVmCZObcwA;0
19 h 10 kelvin;2023-07-26T17:09:27.831919+00:00;UC-gTWT_u2ADcC0-y82nQVhQ;1
jute bhi saaf kr dena;2023-07-26T17:09:43.473792+00:00;UCfM_bYbnMhLFPKvlbj8MKLA;0
ğŸ¦µğŸ¦µ;2023-07-26T17:09:57.10153+00:00;UCfM_bYbnMhLFPKvlbj8MKLA;0
:elbowcough::elbowcough:;2023-07-26T17:10:10.692961+00:00;UCKg_ibeRU-q2DJVWEytnBwg;0
c;2023-07-26T17:10:19.013466+00:00;UCh5JJTJylzhQHJ6Arby09Fg;0
Key to success: in life everyone has a choice. the ğŸ”‘ is: make the right choice;2023-07-26T17:10:31.601753+00:00;UCSvjQBDgYDB5TGVmCZObcwA;0
Hey AryanğŸ•Š, enjoy The Good Life :);2023-07-26T17:10:44.101072+00:00;UCSvjQBDgYDB5TGVmCZObcwA;0
filhal to nhi bt hota h kbhi subhe kbhi dupr kbhi sham kbhi raatğŸ¥´ğŸ˜€;2023-07-26T17:10:58.049224+00:00;UCvT5eMRvb_CfLoU9PguV62A;1
ami behn juta saaf kr dena;2023-07-26T17:11:13.112442+00:00;UCfM_bYbnMhLFPKvlbj8MKLA;0
Respect vadhu Arya ji ğŸ™„;2023-07-26T17:11:25.846517+00:00;UCtY0RqKXQ59-oB5IzBngIWg;0
pehle jutti saaf kar chal;2023-07-26T17:11:44.559136+00:00;UCfM_bYbnMhLFPKvlbj8MKLA;0
yes done bro aryan;2023-07-26T17:11:59.880057+00:00;UCuBeh_rq0TxUC_ShVoMxg2w;0
ğŸ¶ğŸ¼;2023-07-26T17:12:07.69239+00:00;UCRYI22i7sFArgSmtD2T6mwg;0
kkrh;2023-07-26T17:12:22.260835+00:00;UCh5JJTJylzhQHJ6Arby09Fg;0
ğŸ¶tera hua iss bheed me, hai teri meherbaani k andhero ham bidh gayeğŸ“»ğŸ¶;2023-07-26T17:12:35.535261+00:00;UCoQFx3Pt4rJUWPWPYVlWyqQ;0
ppl burning..;2023-07-26T17:12:44.379582+00:00;UCPAbFZTnKJCpVaw9W8W0NzA;1
ğŸŒ¿ğŸ¢;2023-07-26T17:12:56.518832+00:00;UCa2MYGo_5EmZjR9WGdQHNVQ;0
shanaya hehe aur btao sab thik life m?;2023-07-26T17:13:09.83706+00:00;UCCWSBIGuTml7yKyOKRaXIPw;0
lo PHIR;2023-07-26T17:13:22.261757+00:00;UC3WkvHFlNmaAd20AUjZ_gDQ;0
mujhe kya pata bhai Sahab...tereko du kya number pooch le khud hi;2023-07-26T17:13:27.899267+00:00;UCFk4Pt-hyxEqNRCypQLqlmQ;0
ğŸ‡;2023-07-26T17:13:46.264083+00:00;UCfM_bYbnMhLFPKvlbj8MKLA;0
FLAME m bhi sahi... Bs suji ka halwa khane ja rha;2023-07-26T17:14:04.280666+00:00;UCFYXW8PjGx3s5F0HaMfCZhw;1
ha nenu call chedham anukunte connect ayithale ğŸ¤£;2023-07-26T17:14:17.691297+00:00;UCuBeh_rq0TxUC_ShVoMxg2w;0
jay patel acha;2023-07-26T17:14:29.382842+00:00;UCSi2cD8igTeR9bA2OFVxynw;0
utiliser le traducteur comme hier;2023-07-26T17:14:40.885452+00:00;UCkdVhLZ5eNev6s0KOyDxT8g;0
yeah fine nikhil;2023-07-26T17:15:00.792382+00:00;UCHvbOg3ophjB78EwRQ90iUQ;0
murg yes ğŸ¤£;2023-07-26T17:15:16.558119+00:00;UCa2MYGo_5EmZjR9WGdQHNVQ;0
@Nikhil wohi meryem ya kon thi wo;2023-07-26T17:15:27.157883+00:00;UC3WkvHFlNmaAd20AUjZ_gDQ;0
bulbul hiğŸ’†â€â™€ï¸;2023-07-26T17:15:47.122671+00:00;UCPAbFZTnKJCpVaw9W8W0NzA;0
ğŸ§–â€â™‚ï¸ğŸ§–â€â™‚ï¸;2023-07-26T17:16:06.625778+00:00;UCHvbOg3ophjB78EwRQ90iUQ;0
@Nikhil tu ussa baat kr rha tha to;2023-07-26T17:16:19.81059+00:00;UC3WkvHFlNmaAd20AUjZ_gDQ;0
ğŸµ..;2023-07-26T17:16:31.992895+00:00;UCtY0RqKXQ59-oB5IzBngIWg;0
aur bol chutaddd khaaaj teri he gaaand me h;2023-07-26T17:16:46.484987+00:00;UCqv3x9qkcrnrata5bYLUAZg;1
Koi hai.. Sidha Sada banda;2023-07-26T17:16:53.670638+00:00;UCoI2YPw9PiVgKFDssV7gaUA;0
OlÃ¡ feliz dia dos Avos!!!!!!ğŸ™ğŸŒŸğŸ•Šï¸â˜„ï¸ğŸŒ ğŸ¸ğŸ¼âœ¨;2023-07-26T17:17:06.774135+00:00;UCURLvjZJF7tTVR421iyzCMQ;0
Jay_ Paani daalne se gal jaayegi;2023-07-26T17:17:15.758021+00:00;UC1GBLNM-f5cDwie9FEPHsOA;0
@chandhni Raat ka time tha achanak se nikal gya woğŸ˜¿ab regret lar rha;2023-07-26T17:17:30.758228+00:00;UCZhbu1YQ0dPkWnLHjl31dxg;0
pochu ella unoda peru mathithanga;2023-07-26T17:17:43.867091+00:00;UCa2MYGo_5EmZjR9WGdQHNVQ;0
lol;2023-07-26T17:18:09.78026+00:00;UC0MFb37OJZMT9c0m2OsG8eg;0
@chandhni accha accha personal issues ğŸ¤”ğŸ˜³ğŸ˜³;2023-07-26T17:18:27.50552+00:00;UCZhbu1YQ0dPkWnLHjl31dxg;0
@RajuğŸ˜¹ğŸ«‚ğŸ¤£;2023-07-26T17:18:46.784421+00:00;UCZhbu1YQ0dPkWnLHjl31dxg;0
sigan jugsti bolsn;2023-07-26T17:18:54.416507+00:00;UCwKdTAjM9RXlUeyA05KTM3Q;0
cricket ki maaa ki chhoot;2023-07-26T17:19:08.89109+00:00;UCqv3x9qkcrnrata5bYLUAZg;1
shanaya tumhara msg YouTube baba ne uda diya ğŸ˜‚;2023-07-26T17:19:18.012191+00:00;UCCWSBIGuTml7yKyOKRaXIPw;1
Hey X, enjoy The Good Life :);2023-07-26T17:19:28.573447+00:00;UCSvjQBDgYDB5TGVmCZObcwA;0
ğŸ¥±(âÂ´â—¡`â);2023-07-26T17:19:44.30992+00:00;UCZhbu1YQ0dPkWnLHjl31dxg;0
.;2023-07-26T17:19:50.713692+00:00;UCTigHHfj7fuSKEoE8xZDFWA;0
je cherche pas les bruts et les bornÃ©s...;2023-07-26T17:20:05.358006+00:00;UCfuBJcbj_9fWFkdlKODSZdQ;0
Enjoy ğŸ¤£ğŸ¤£ kya bat kahi he;2023-07-26T17:20:11.736479+00:00;UCMHH2_EXUEpVT_oLIVe2d7Q;1
are ye kah diya;2023-07-26T17:20:23.187074+00:00;UCFdTTXOLJ8NHYKEXJD9o3YQ;0
Olha a pedra;2023-07-26T21:22:37.911448+00:00;UC2VPQHyWQq61TfRkJ4OixdQ;0
ğŸ¤«chiiiiiii;2023-07-27T17:19:37.574025+00:00;UCUoecjeCeixVcm58RcNdV6A;0
ippozhe engilum nammale mind cheythallo heyyyğŸ‘€ğŸ¤Œ;2023-07-27T17:19:58.066555+00:00;UCRCikzVqBgGklblJuUFnvgw;0
diot;2023-07-27T17:20:11.714158+00:00;UCwKdTAjM9RXlUeyA05KTM3Q;0
bhai tumhari behn ka addmission hua 11th me???;2023-07-27T17:20:30.188277+00:00;UCNnN10bIpDnd4dg_HUEySzA;0
honda hai probably;2023-07-27T17:20:39.356559+00:00;UCRyjMFJvTD52ytyqFT19l-g;0
rohan soja be;2023-07-27T17:20:56.236126+00:00;UC2GHekx_NlORELQ8ovuALrw;0
good jack;2023-07-27T17:21:11.578775+00:00;UCSi2cD8igTeR9bA2OFVxynw;0
@N.Sh I can see you;2023-07-27T17:21:20.551642+00:00;UCRCikzVqBgGklblJuUFnvgw;1
hey nobody;2023-07-27T17:21:35.896452+00:00;UCGizvamC7x-ZV6NDWAb_2lg;0
ğŸ¹;2023-07-27T17:21:51.995207+00:00;UCkdVhLZ5eNev6s0KOyDxT8g;0
HMM AMBHII MULA DHORA SARKE DISTO NA ğŸ˜;2023-07-27T17:22:06.482374+00:00;UCgzvI4c_ucF1NVRaP41vc7Q;1
tadinha must have suffered that bullying at school with that name;2023-07-27T17:22:16.578805+00:00;UCUoecjeCeixVcm58RcNdV6A;0
Hey Vanya, enjoy The Good Life :);2023-07-27T17:22:32.218365+00:00;UCSvjQBDgYDB5TGVmCZObcwA;0
ROSE PAGAL AHES TU ğŸŒš;2023-07-27T17:22:46.39814+00:00;UCgzvI4c_ucF1NVRaP41vc7Q;0
ğŸ¤£ğŸ¤£;2023-07-27T17:22:57.54017+00:00;UCScSqK0i9Of5cEmpMqA3MKQ;1
Aishwarya plc ebde anğŸ§;2023-07-27T17:23:14.199725+00:00;UCp9YQffj07MQcWRyJNd4mPA;0
@sÃ¤n still...I'm left with more than half yet...coz i got Lil busy in my academic works... documents n all so... it's gonna take 1 more week;2023-07-27T17:23:31.211164+00:00;UCREH43mYTBu_08LEL5t8lPA;0
very passionate:face-purple-sweating:;2023-07-27T17:23:42.42732+00:00;UCdHlNQu43SvCv4c-vMnagHA;0
my english teacher - you needs focus on grammar, vocabularies, listening, speaking - ğŸ¥¶;2023-07-27T17:23:54.069746+00:00;UC1FqeBl3nuY4kHPB95GZ6DQ;0
acha bhaiğŸ˜‚ğŸ˜‚ğŸ˜‚ğŸ˜‚;2023-07-27T17:24:05.712568+00:00;UCNnN10bIpDnd4dg_HUEySzA;0
ğŸ™†ğŸ½â€â™€ï¸;2023-07-27T17:24:12.175062+00:00;UCUoecjeCeixVcm58RcNdV6A;0
lying aunties;2023-07-27T17:24:27.045222+00:00;UCUxMCMcqsw4zXN7lhqY3tKA;0
bhaiğŸ˜‚ğŸ˜‚ğŸ˜‚ğŸ˜‚;2023-07-27T17:24:43.233025+00:00;UCNnN10bIpDnd4dg_HUEySzA;0
vanya ğŸ˜€ğŸ˜€;2023-07-27T17:25:04.046875+00:00;UCaWnKScyobKE_xfxOKTcJxg;0
Dii ek ladki Meter ko feet bol rahi thi ğŸ˜‚ğŸ˜‚;2023-07-27T17:25:14.41442+00:00;UChXz_dtm_MAP_Vd9agfuf1g;1
bitching still;2023-07-27T17:25:27.209104+00:00;UCa2MYGo_5EmZjR9WGdQHNVQ;0
@Aabi poda athe Njan allağŸ˜’;2023-07-27T17:25:39.024731+00:00;UCRCikzVqBgGklblJuUFnvgw;0
#Wizard boy we both are fools having deep conversations ğŸ˜’;2023-07-27T21:18:37.737828+00:00;UCO9gOa7SkIxWK0OhhWNb6pg;0
Jaan;2023-07-27T21:21:15.018419+00:00;UCgF-7slrYoJKaOMPHfBKQNQ;0
ğŸ¼ğŸ¼ğŸ¼ğŸ¼ğŸ¼ğŸ¼;2023-07-27T21:21:23.925397+00:00;UCVGwkiBNof2ffoY5C19CxRA;0
ronit pike nhi bna ke aati huğŸ˜‚;2023-07-27T21:21:39.337234+00:00;UCV_LTLub0WLdua6A8uMCszw;1
I can't do that..then I can't talk to u;2023-07-27T21:21:46.388659+00:00;UCgF-7slrYoJKaOMPHfBKQNQ;0
loco tu ğŸ¤¨;2023-07-27T21:21:48.378358+00:00;UCkdVhLZ5eNev6s0KOyDxT8g;0
#Wizard ofc we are genius fools having the best of life and having wired crushes who don't deserve us at all ğŸ˜‚;2023-07-27T21:21:55.570711+00:00;UCO9gOa7SkIxWK0OhhWNb6pg;0
ÙƒØ°Ø¨ ÙˆØ®Ø±Ù ÙˆØ§Ù†Øª Ù„Ø§ ØªØ¹Ø±Ù Ø´ÙƒÙ„Ù‡Ø§ Ø¨Ø¹Ø¯;2023-07-27T21:22:11.747562+00:00;UCzSOHyYXBI-G4fgAlSQHRJg;0
Ka tu y amela locoğŸ¤¨;2023-07-27T21:22:33.560403+00:00;UCkdVhLZ5eNev6s0KOyDxT8g;0
kelvin dont WRITE my NAME;2023-07-27T21:23:23.4552+00:00;UCVGwkiBNof2ffoY5C19CxRA;0
Ronit coming aaj thand lag rhi hai yha bhi thori thori Shayad barish hogi;2023-07-27T21:23:26.450234+00:00;UCV_LTLub0WLdua6A8uMCszw;0
âš ï¸ğŸ”´âš ï¸;2023-07-27T21:23:26.561534+00:00;UCzUk-Lx7_XHTR7y-UD4xRTg;0
dont WRITE my NAME;2023-07-27T21:23:40.609932+00:00;UCVGwkiBNof2ffoY5C19CxRA;0
I meant to say cymitac;2023-07-27T21:23:46.025755+00:00;UCObxL0qVlVVyvyJGuWOrZtg;0
ğŸ¥³ğŸ¶ğŸ¥³ğŸ¶ğŸ¥³ğŸ¶ğŸ¥³ğŸ¶;2023-07-27T21:23:51.271724+00:00;UCOpqEMTBlfuvqvFqvPatQ0g;0
ÙÙŠ Ø§Ù„Ø£ØµÙ„ Ø£Ø´Ù…Ø¦Ø² Ù…Ù† Ø£Ù†Ø§Ø³ ÙƒÙ‡Ø°Ù‡;2023-07-27T21:23:51.861239+00:00;UCzSOHyYXBI-G4fgAlSQHRJg;0
,,;2023-07-27T21:23:55.903172+00:00;UCX3X9HmBKENXVKDScnUuewg;0
E tako sad sam miran ğŸ˜”;2023-07-27T21:24:24.152629+00:00;UCq4qG897WTDQi7g4G9j81mA;1
!music;2023-07-27T21:24:24.204815+00:00;UCOpqEMTBlfuvqvFqvPatQ0g;0
ronğŸ‘€;2023-07-27T21:24:32.569078+00:00;UCPf72wJv5RTl6NdPri2bMiA;0
Ø§Ù…Ø§ Ø§Ø°Ø§ Ù‚Ø§Ù„ Ø¨Ø§Ù„Ø­Ø¨ .. Ø³ÙˆØ§Ø¡ ÙØªØ§Ù‡ Ø§Ùˆ ÙˆÙ„Ø¯ Ù„ÙŠØ³ Ø¹ÙŠØ¨ ÙˆÙ„Ø§ Ù…Ø¹ÙŠØ¨ Ø¯Ø§Ù…Ù‡ ÙƒÙ„Ø§Ù… ØºØ±Ø§Ù…ÙŠ Ø¬Ù…ÙŠÙ„;2023-07-27T21:24:33.850582+00:00;UCY2EtimyUYObfvwQwv2UWww;0
: );2023-07-27T21:24:41.616458+00:00;UCX3X9HmBKENXVKDScnUuewg;0
ğŸ«ğŸ‘‹ğŸ¼;2023-07-27T21:24:43.019031+00:00;UCVGwkiBNof2ffoY5C19CxRA;0
cynthia me desbo nhi I'd manglunga;2023-07-27T21:24:44.654346+00:00;UCc4zE_jFsn1y4TPyt4iVfmg;0
i saw uğŸ™„;2023-07-27T21:24:45.754525+00:00;UCPf72wJv5RTl6NdPri2bMiA;0
arey jaldi likho..subha..Panvel nikalma hai ğŸ˜‚ğŸ˜‚;2023-07-27T21:24:50.827679+00:00;UCK_wQjvCSyUxQASjIebMdnQ;0
hell lo;2023-07-27T21:24:51.057563+00:00;UCGzzVuA23jjVoB7ia_nCOeQ;0
ive somethin to tell u;2023-07-27T21:25:01.357007+00:00;UCPf72wJv5RTl6NdPri2bMiA;0
Hi;2023-07-27T21:25:02.912966+00:00;UCKGsW5nidkCLOXRRIIoOYMw;0
Ø­ØªØ± Ø§Ø°Ø§ Ù‡Ù… Ø²ÙŠØ± Ù†Ø³Ø§Ø¡ ..;2023-07-27T21:26:37.67407+00:00;UCY2EtimyUYObfvwQwv2UWww;0
ğŸ¼;2023-07-27T21:26:41.181635+00:00;UCVGwkiBNof2ffoY5C19CxRA;0
Cheers sÃ§ÅRÂ²_p!Ån ğŸ» (Nightbot can't drink. He has to be sober during work);2023-07-27T21:26:49.708205+00:00;UCSvjQBDgYDB5TGVmCZObcwA;0
piyu is rat me tumhe chaval kyu chahiye;2023-07-27T21:26:57.732117+00:00;UCc4zE_jFsn1y4TPyt4iVfmg;1
rooon ?;2023-07-27T21:27:00.223869+00:00;UC_NugjdJ9ZW3_5S9qEq9QXQ;0
ğŸ¶ğŸ˜ªğŸ‘‚;2023-07-27T21:27:11.541924+00:00;UCOpqEMTBlfuvqvFqvPatQ0g;0
:face-orange-biting-nails:;2023-07-27T21:27:13.261918+00:00;UCU3I59rEyjXmEuT1Sl9gVjA;0
ğŸ˜´;2023-07-27T21:27:16.409573+00:00;UC5kBOFW5jGG_ay3pW4101ag;1
Dhruv I meant puraane dost mere yaha ke:person-turqouise-waving:;2023-07-27T21:27:20.561514+00:00;UCGzzVuA23jjVoB7ia_nCOeQ;0
na na didi just voh bola aapne isiliye;2023-07-27T21:27:24.375885+00:00;UCc4zE_jFsn1y4TPyt4iVfmg;0
#Megi .. that's your problemğŸ˜‚ you overthink and you can't explain thingsğŸ˜‚;2023-07-27T21:27:27.054187+00:00;UC55lVZ0ia-QLg4mfbQip09A;0
Ø§Ø°Ø§ Ù‚Ø§Ù„Ù‡Ø§ Ø§Ø­Ø¨Ùƒ Ø¹Ø§Ø¯ÙŠ Ø§Ù…Ø§ Ø§Ø°Ø§ Ø³Ø¨Ù‡Ø§ Ø§Ø¹ØªØ±Ø§Ø¶Ùƒ ÙŠÙƒÙˆÙ† Ø´ÙŠ Ø¬Ù…ÙŠÙ„;2023-07-27T21:27:27.609539+00:00;UCY2EtimyUYObfvwQwv2UWww;0
hii;2023-07-27T21:27:35.215329+00:00;UCVVzO31jp82OefY3dhVSrqw;0
ğŸŒ´ğŸ–ï¸;2023-07-27T21:27:35.676015+00:00;UCkdVhLZ5eNev6s0KOyDxT8g;0
Angie l know I ak sexy bit lazy lol ğŸ˜‚;2023-07-27T21:27:37.402908+00:00;UCKGsW5nidkCLOXRRIIoOYMw;0
kağŸ¤¬ğŸ¤£â˜ï¸;2023-07-27T21:27:42.123549+00:00;UCVGwkiBNof2ffoY5C19CxRA;0
Eeree..Dhruv..ek tym par 2 naao..mein ghoomna chahte haiğŸ˜‚ğŸ˜‚ğŸ˜‚;2023-07-27T21:27:43.874716+00:00;UCK_wQjvCSyUxQASjIebMdnQ;0
ÙŠØ­Ø¨Ù‡Ø§ Ø¨Ø¬Ø¯ ÙˆÙ„ ÙƒØ°Ø¨ Ø¨Ø§Ù„Ø§Ø®ÙŠØ± Ù‡ÙŠ ÙƒÙ„Ù…Ù‡ Ø¬Ù…ÙŠÙ„Ù‡;2023-07-27T21:27:44.747959+00:00;UCY2EtimyUYObfvwQwv2UWww;0
meduza Ã© top;2023-07-27T21:27:28.562134+00:00;UCcE8RFysQH0hhRthq3VkyXA;0
genau ğŸ‘ğŸ¼;2023-07-27T21:27:31.10167+00:00;UCKdeIV3cksiTbtv7QKS_z5Q;0
Alesso?;2023-07-27T21:27:37.51338+00:00;UCxn3ksxZk3eCORQ96OmJS2w;0
dvlm;2023-07-27T21:27:38.501562+00:00;UCcE8RFysQH0hhRthq3VkyXA;0
dj opera;2023-07-27T21:27:41.529403+00:00;UCn2Fz6aWJd4YHqOtdskq4mQ;0
I NEED MONEY{;2023-07-27T21:27:41.53011+00:00;UCoiOrWh39B89ajV6LIxVDYA;0
I NEEED MONEY PLS;2023-07-27T21:27:47.896857+00:00;UCoiOrWh39B89ajV6LIxVDYA;0
:face-red-heart-shape:;2023-07-27T21:27:47.989962+00:00;UClt4x3XoJQpsSbJOFfZiLTQ;0
VğŸ’¥EğŸ’¥GğŸ’¥AğŸ’¥SğŸ’¥;2023-07-27T21:27:56.645871+00:00;UCMXJREpd0Oyoghnyoh-Zk3Q;0
AF tschÃ¼ÃŸ ğŸ™‹ğŸ»;2023-07-27T21:27:59.612592+00:00;UCKdeIV3cksiTbtv7QKS_z5Q;0
I EAT DO NOT;2023-07-27T21:28:03.814456+00:00;UCoiOrWh39B89ajV6LIxVDYA;0
ğŸ’ğŸ’«ğŸŒ·A.F. good night Darling;2023-07-27T21:28:11.21737+00:00;UC92ENMcV1WhXBRihQzNV_RQ;0
I AM VERY SAD;2023-07-27T21:28:11.859632+00:00;UCoiOrWh39B89ajV6LIxVDYA;0
@M. W. Correct!;2023-07-27T21:28:16.451275+00:00;UC-S28mrDTEidg1fB2PZxDVw;0
i am high;2023-07-27T21:28:19.428679+00:00;UC7KbLQZNm7LO1z5OR-wlqLQ;0
AğŸ’¥MğŸ’¥AğŸ’¥ZğŸ’¥IğŸ’¥NğŸ’¥GğŸ’¥DğŸ’¥JğŸ’¥ğŸ’ªğŸ»ğŸ’ªğŸ»ğŸ’ªğŸ»;2023-07-27T21:28:28.223636+00:00;UCMXJREpd0Oyoghnyoh-Zk3Q;0
DIMITRI VEGAS & LIKE MIKE;2023-07-27T21:28:30.81613+00:00;UCE7lOGj4tBHEx8n9NtrlJtw;1
LETS GO;2023-07-27T21:28:32.095475+00:00;UCE7lOGj4tBHEx8n9NtrlJtw;0
ğŸ¦‹ğŸ¦‹;2023-07-27T21:28:32.678791+00:00;UCWU8AUnZbXPTCl-8nWNDigA;0
NECESTO PLATAAAAA;2023-07-27T21:28:37.205498+00:00;UCoiOrWh39B89ajV6LIxVDYA;0
f;2023-07-27T21:28:37.739122+00:00;UCXlcltL8zyyZfat33be7V1Q;1
ğŸ’¥ğŸ’¥:elbowcough:ğŸ”¥:elbowcough:;2023-07-27T21:28:43.467867+00:00;UCE7lOGj4tBHEx8n9NtrlJtw;0
NO HE COMDO EN 1O DIIASSS;2023-07-27T21:28:45.72276+00:00;UCoiOrWh39B89ajV6LIxVDYA;0
na supi ğŸ¥°;2023-07-27T21:29:00.400807+00:00;UCi00Uq5_MHMX0VI1bkVV4cA;0
exelente;2023-07-27T21:29:01.197906+00:00;UCWBBkP2B07CAFPwayGaAKsQ;0
AF ğŸ¤— Gute Nacht;2023-07-27T21:29:03.213078+00:00;UC-Bj6fPLdzhiC0wYat2Ns0g;0
amanhÃ£ live;2023-07-27T21:29:03.661244+00:00;UCcE8RFysQH0hhRthq3VkyXA;0
give me back meduza;2023-07-27T21:29:07.089547+00:00;UCyrt9gOdUx1-fQBcpCcoEnw;0
eesaaaa copn todo;2023-07-27T21:29:10.31534+00:00;UCofYS-8ZQIYcfCa33ACYPMA;0
n8;2023-07-27T21:29:12.118998+00:00;UCi00Uq5_MHMX0VI1bkVV4cA;0
Su le mani tordelloni;2023-07-27T21:29:26.364159+00:00;UC-S28mrDTEidg1fB2PZxDVw;0
âœŒï¸;2023-07-27T21:29:27.167917+00:00;UCv9SMqRvSWSnaqIBi3Welfw;0
I NEED MONEY;2023-07-27T21:29:28.977747+00:00;UCoiOrWh39B89ajV6LIxVDYA;0
I remember when it used to be about the people on the dance floor, not the stage.;2023-07-27T21:29:54.37973+00:00;UCmaPuKsyDwVcWV3f25FsL4A;0
To Å™Ã­kÃ¡m Å¾e tu zeÅ¡Ã­lÃ­m ğŸ¤£ğŸ’¯;2023-07-27T21:30:05.211234+00:00;UC-Bj6fPLdzhiC0wYat2Ns0g;0
Letâ€™s go tomorrow;2023-07-27T21:30:07.147262+00:00;UC-1hM3wt7hJEzYG4_gLmSzA;0
ğŸ‘‹ğŸ»ğŸ‘‹ğŸ»ğŸ‘‹ğŸ»;2023-07-27T21:30:13.811499+00:00;UCMXJREpd0Oyoghnyoh-Zk3Q;0
vamoosssss;2023-07-27T21:30:14.932267+00:00;UCQD2v_xpn4IjPhpSWWVoYkg;0
Dimitry vegas EZ ClapÃ ;2023-07-27T21:30:17.429183+00:00;UClLt4_atGUOJF5FTXD-WGaQ;1
THE OWNERS;2023-07-27T21:30:17.721951+00:00;UCq8ozNYQ14bn49Y7RV4zAsw;0
SÃ“ FALTOU OOOOOOOO BIG ROOM, MAS TA BOM;2023-07-27T21:30:18.503287+00:00;UCGSYBXU1fTwACIjI8TXx2GA;0
Who is gonna be there tomorrow?;2023-07-27T21:30:25.2493+00:00;UC-1hM3wt7hJEzYG4_gLmSzA;0
ğŸ˜ğŸ˜†ğŸ¤£;2023-07-27T21:30:38.139823+00:00;UCMXJREpd0Oyoghnyoh-Zk3Q;0
@Alexandra a proÄ? ğŸ™‚;2023-07-27T21:30:43.615187+00:00;UCLCHZnSMoucHaJha8VMIonA;0
Raga avete scorreggiato sbaglio?;2023-07-27T21:30:47.301329+00:00;UC-S28mrDTEidg1fB2PZxDVw;0
I don't know also;2023-07-27T21:30:52.526348+00:00;UC83nqsshNYRWPEmkkoKMWmQ;0
waiting for something new;2023-07-27T21:30:53.52747+00:00;UCq8ozNYQ14bn49Y7RV4zAsw;0
3-2-1;2023-07-27T21:30:53.578441+00:00;UCn2Fz6aWJd4YHqOtdskq4mQ;0
LğŸ’™b;2023-07-27T21:30:57.109777+00:00;UC-h51FP1796h6k9vpjx3ZuA;0
GğŸ’¥OğŸ’¥GğŸ’¥OğŸ’¥GğŸ’¥OğŸ’¥JğŸ’¥UğŸ’¥MğŸ’¥PğŸ’¥;2023-07-27T21:31:02.703969+00:00;UCMXJREpd0Oyoghnyoh-Zk3Q;0
angela;2023-07-27T21:31:04.686013+00:00;UC-X0nhEkcVe39iBYEvoz57A;0
Ano to je;2023-07-27T21:31:04.923979+00:00;UCKdeIV3cksiTbtv7QKS_z5Q;0
ğŸºğŸºğŸº;2023-07-27T21:31:17.636869+00:00;UCn2Fz6aWJd4YHqOtdskq4mQ;0
se estÃ¡ repitiendo asÃ­ empezÃ³;2023-07-27T21:31:20.458093+00:00;UCfZzgs9l4zw8YKmR-5RZQ7Q;0
Tomorrow OwnbÃ¶ss, Yves V, Tiesto for me;2023-07-27T21:31:20.752803+00:00;UCWzJYY-wEnAjsLOnVUGTLow;0
Dimitri vegas and like mikeeeee;2023-07-27T21:31:22.069615+00:00;UC6bi1vdFl1aTErEiz-g5vZA;0
