id;titulo;autor;fecha_submission;url;hate
14xk2gm;Daily Support Thread;AutoModerator;1689156051.0;https://www.reddit.com/r/samsung/comments/14xk2gm/daily_support_thread/;0
14pxi1d;How would you change r/Samsung?;Stephancevallos905;1688424497.0;https://www.reddit.com/r/samsung/comments/14pxi1d/how_would_you_change_rsamsung/;0
14xp14l;does changing the screen resolution actually make a battery life difference?;user3810;1689169523.0;https://www.reddit.com/r/samsung/comments/14xp14l/does_changing_the_screen_resolution_actually_make/;0
14xkxwo;S22 Ultra to Razr 40 Ultra;xDeepS;1689158676.0;https://www.reddit.com/r/samsung/comments/14xkxwo/s22_ultra_to_razr_40_ultra/;0
14xth02;Pixel 7 Pro vs S23 base?;Monsoap100;1689179519.0;https://www.reddit.com/r/samsung/comments/14xth02/pixel_7_pro_vs_s23_base/;0
14xozjf;Secure folder feature on new Samsung phones?;where_money;1689169417.0;https://www.reddit.com/r/samsung/comments/14xozjf/secure_folder_feature_on_new_samsung_phones/;0
14xykh4;Deciding between Neo G8 and G8 OLED;TheOfficialGatorboy;1689191109.0;https://www.reddit.com/r/samsung/comments/14xykh4/deciding_between_neo_g8_and_g8_oled/;0
14xddkx;Can we use modded apps on samsung flagship devices ?;Top_Top_315;1689134540.0;https://www.reddit.com/r/samsung/comments/14xddkx/can_we_use_modded_apps_on_samsung_flagship_devices/;0
14xuj6z;For anyone with an A54 - can you tell me what thing you most dislike about it?;noxnoctum;1689181868.0;https://www.reddit.com/r/samsung/comments/14xuj6z/for_anyone_with_an_a54_can_you_tell_me_what_thing/;0
14xl5sa;Samsung internet browser read aloud option;levendis32;1689159308.0;https://www.reddit.com/r/samsung/comments/14xl5sa/samsung_internet_browser_read_aloud_option/;0
14xcx5g;Has the S23 Ultra 1tb come on sale at all yet?;tristan1616;1689133263.0;https://www.reddit.com/r/samsung/comments/14xcx5g/has_the_s23_ultra_1tb_come_on_sale_at_all_yet/;0
14wut67;How's Samsung with android updates these days?;luneki;1689090141.0;https://www.reddit.com/r/samsung/comments/14wut67/hows_samsung_with_android_updates_these_days/;0
14xoh1g;Is this a v13 os bug?;IfuDidntCome2Party;1689168140.0;https://www.reddit.com/r/samsung/comments/14xoh1g/is_this_a_v13_os_bug/;0
14xj0vn;s23 ultra sot;DenrexTheSecond;1689152797.0;https://www.reddit.com/r/samsung/comments/14xj0vn/s23_ultra_sot/;0
14xn0sa;S23 ultra with galaxy buds 2 pro;bayntedos22;1689164397.0;https://www.reddit.com/r/samsung/comments/14xn0sa/s23_ultra_with_galaxy_buds_2_pro/;0
14xmx8f;Gluegate Samsung s22;XiiFlare;1689164140.0;https://www.reddit.com/r/samsung/comments/14xmx8f/gluegate_samsung_s22/;0
14xw3rz;So i actually i made very dumb move i had to login my Samsung account and it was asking for a verification email which i obviously gave the wrong one and didn't even check itüòÑand whenever im trying to login its sending the verification email to that id?;titslayer001;1689185441.0;https://www.reddit.com/r/samsung/comments/14xw3rz/so_i_actually_i_made_very_dumb_move_i_had_to/;0
14xi12b;No Samsung Smart Call (with Hiya antispam) on Samsung S23+?;Zipper_Ita;1689149678.0;https://www.reddit.com/r/samsung/comments/14xi12b/no_samsung_smart_call_with_hiya_antispam_on/;0
14x2l7l;What the hell is wrong with Samsung's Order Checker?;turbowhistle;1689107490.0;https://www.reddit.com/r/samsung/comments/14x2l7l/what_the_hell_is_wrong_with_samsungs_order_checker/;0
14wsram;Samsung A54 or Samsung S21 FE?;Longjumping_Yard_586;1689085257.0;https://www.reddit.com/r/samsung/comments/14wsram/samsung_a54_or_samsung_s21_fe/;1
14xb2n7;Does anyone have the SAMSUNG Odyssey Neo G7 Series 4K UHD Smart Gaming Monitor, 144Hz, 1ms, VESA Display HDR600, Quantum Matrix Technology, AMD FreeSync Premium Pro, LS43CG702NNXZA, 2023?;Necessary_Sun_4392;1689128307.0;https://www.reddit.com/r/samsung/comments/14xb2n7/does_anyone_have_the_samsung_odyssey_neo_g7/;0
14wyo1o;Would you guys go for the ZFold4 or the S23U?;MZero_0;1689098710.0;https://www.reddit.com/r/samsung/comments/14wyo1o/would_you_guys_go_for_the_zfold4_or_the_s23u/;0
14x70an;Samsung Neo QLED TV question;Schweino68;1689117665.0;https://www.reddit.com/r/samsung/comments/14x70an/samsung_neo_qled_tv_question/;0
14xeny2;Samsung a24 question;SUPERAREG;1689138502.0;https://www.reddit.com/r/samsung/comments/14xeny2/samsung_a24_question/;0
14x1638;Does the stylus of an S6 lite work on the S6? If so does it fit in the slot;JunaidYsf;1689104320.0;https://www.reddit.com/r/samsung/comments/14x1638/does_the_stylus_of_an_s6_lite_work_on_the_s6_if/;0
14x40mg;What's the better phone a S20 FE or a Zflip 3;Xak_attak;1689110663.0;https://www.reddit.com/r/samsung/comments/14x40mg/whats_the_better_phone_a_s20_fe_or_a_zflip_3/;0
14x0rop;Is there a way to make the status bar immersive?;Stidza;1689103415.0;https://www.reddit.com/r/samsung/comments/14x0rop/is_there_a_way_to_make_the_status_bar_immersive/;0
14wyti0;Tab S7 FE 256gb Prime Day;sunoftitans24;1689099050.0;https://www.reddit.com/r/samsung/comments/14wyti0/tab_s7_fe_256gb_prime_day/;0
14x24sb;Show me your homescreen;cornonthecob723;1689106492.0;https://www.reddit.com/r/samsung/comments/14x24sb/show_me_your_homescreen/;0
14x23la;Best offer you've got on a top phone.;Lvm152coc;1689106419.0;https://www.reddit.com/r/samsung/comments/14x23la/best_offer_youve_got_on_a_top_phone/;0
14ww0z9;what model would suit me best?;gothfurbys;1689092838.0;https://www.reddit.com/r/samsung/comments/14ww0z9/what_model_would_suit_me_best/;0
14wyek7;Samsung Cloud kept logging me out;IronPikachu;1689098160.0;https://www.reddit.com/r/samsung/comments/14wyek7/samsung_cloud_kept_logging_me_out/;0
14x1jij;Sleep cycle bug with s23 and w5;-LupusAlba-;1689105185.0;https://www.reddit.com/r/samsung/comments/14x1jij/sleep_cycle_bug_with_s23_and_w5/;0
14wxjq0;question on Samsung Galaxy S20 Ultra 5G;chemicalrefugee;1689096237.0;https://www.reddit.com/r/samsung/comments/14wxjq0/question_on_samsung_galaxy_s20_ultra_5g/;0
14wutz2;S21 Ultra Purchase location Question;Bigwheatcollector;1689090193.0;https://www.reddit.com/r/samsung/comments/14wutz2/s21_ultra_purchase_location_question/;0
14wwx3p;Which would be best, s20 fe snapdragon 6gb 128gb or a34 8gb 256gb?;Sure_Ad_6480;1689094827.0;https://www.reddit.com/r/samsung/comments/14wwx3p/which_would_be_best_s20_fe_snapdragon_6gb_128gb/;0
14wfaf2;Z Flip and Z Fold users: How often do people approach you in public about your phones?;cs342;1689045509.0;https://www.reddit.com/r/samsung/comments/14wfaf2/z_flip_and_z_fold_users_how_often_do_people/;0
14wmw2t;Daily Support Thread;AutoModerator;1689069658.0;https://www.reddit.com/r/samsung/comments/14wmw2t/daily_support_thread/;0
14w0cle;Tech YouTubers lied to us about Bixby lol;henryyyy_;1689009996.0;https://www.reddit.com/r/samsung/comments/14w0cle/tech_youtubers_lied_to_us_about_bixby_lol/;0
14wv6dt;New update doesn't allow my Samsung TV to play Shudder anymore - the solution from Samsung was to ship me a discounted upgraded television.;Mooseguncle1;1689090962.0;https://www.reddit.com/r/samsung/comments/14wv6dt/new_update_doesnt_allow_my_samsung_tv_to_play/;0
14wle1k;Disgusting Customer Service, 5 day old phone with major issues;Sleepytimemadness;1689064645.0;https://www.reddit.com/r/samsung/comments/14wle1k/disgusting_customer_service_5_day_old_phone_with/;0
14wbg59;Horrible service;Forgotmyusername85;1689035188.0;https://www.reddit.com/r/samsung/comments/14wbg59/horrible_service/;0
14wss9k;Galaxy watch 4 LTE overheating issue;Zealousideal_Wind867;1689085319.0;https://www.reddit.com/r/samsung/comments/14wss9k/galaxy_watch_4_lte_overheating_issue/;0
14wjldb;What's the difference between various model names of Galaxy S23 Base and Plus? S911, S916, SM-911A, SM-916B?;VelenWarrior;1689058646.0;https://www.reddit.com/r/samsung/comments/14wjldb/whats_the_difference_between_various_model_names/;0
14x3ts8;Samsung charger rant;Chadchadenson;1689110256.0;https://www.reddit.com/r/samsung/comments/14x3ts8/samsung_charger_rant/;0
14wx5uj;about the a54;oxygenkkk;1689095358.0;https://www.reddit.com/r/samsung/comments/14wx5uj/about_the_a54/;0
14wr9x3;S90c small dent in back of panel;RockClim;1689081729.0;/r/OLED_Gaming/comments/14wr7cs/s90c_small_dent_in_back_of_panel/;0
14wz0dc;S-Pen is way more useful than you think. [Fixed];samuk190;1689099473.0;https://www.reddit.com/r/samsung/comments/14wz0dc/spen_is_way_more_useful_than_you_think_fixed/;0
14wpttm;5 Year warranty failiure;StressSevere1189;1689077996.0;https://www.reddit.com/r/samsung/comments/14wpttm/5_year_warranty_failiure/;0
14wcuzt;Is shipping through the Shop Samsung app reliable?;jr061898;1689038962.0;https://www.reddit.com/r/samsung/comments/14wcuzt/is_shipping_through_the_shop_samsung_app_reliable/;0
14wn62j;Sound issues Samsung TV;Nost_-;1689070516.0;https://www.reddit.com/r/samsung/comments/14wn62j/sound_issues_samsung_tv/;0
14vrimr;Why is my S23 Ultra charging so slow? Went into settings turned on Fast Charging, bought 45w charger block, using wire that was included in box;iiGoodVibesii;1688988928.0;https://www.reddit.com/r/samsung/comments/14vrimr/why_is_my_s23_ultra_charging_so_slow_went_into/;0
14w0ye3;For everyone deciding between the S22 Ultra and the S23/S23+;navsamsung;1689011360.0;https://www.reddit.com/r/samsung/comments/14w0ye3/for_everyone_deciding_between_the_s22_ultra_and/;0
14w6tzf;Power Saving Mode;Phathead50;1689024189.0;https://www.reddit.com/r/samsung/comments/14w6tzf/power_saving_mode/;0
14vzr6i;Spam call blocking app;Roki100;1689008655.0;https://www.reddit.com/r/samsung/comments/14vzr6i/spam_call_blocking_app/;0
14w188t;Does anyone else feel like samsung wallet offers are useless it only gives cashbacks on online purchases?;Parvashah51;1689011983.0;https://www.reddit.com/r/samsung/comments/14w188t/does_anyone_else_feel_like_samsung_wallet_offers/;0
14v8axf;Curved screens: an intervention.;Instincts;1688933223.0;https://www.reddit.com/r/samsung/comments/14v8axf/curved_screens_an_intervention/;0
14wn16j;Does samsung degrade their phones performance when a new phone launches...;Bright_Blood;1689070074.0;https://www.reddit.com/r/samsung/comments/14wn16j/does_samsung_degrade_their_phones_performance/;0
14wabg6;Emergency sos;MrWeyiraw;1689032360.0;https://www.reddit.com/r/samsung/comments/14wabg6/emergency_sos/;0
14w47gl;Your opinion about ram plus on S23 series;sadrash83;1689018513.0;https://www.reddit.com/r/samsung/comments/14w47gl/your_opinion_about_ram_plus_on_s23_series/;0
14vt5l7;Galaxy z flip 4 vs galaxy S line;Amazinglyme298;1688993428.0;https://www.reddit.com/r/samsung/comments/14vt5l7/galaxy_z_flip_4_vs_galaxy_s_line/;0
14w9weo;Instant Trade In (Cracked);9AaayJaay4;1689031326.0;https://www.reddit.com/r/samsung/comments/14w9weo/instant_trade_in_cracked/;0
14vs2i6;Man I hate the way holding delete functions in Samsung keyboards (Tab S8+);the_pleb_;1688990504.0;https://www.reddit.com/r/samsung/comments/14vs2i6/man_i_hate_the_way_holding_delete_functions_in/;1
14w72vm;What is the best in 2023 the s20 or s21?;althamash098;1689024732.0;https://www.reddit.com/r/samsung/comments/14w72vm/what_is_the_best_in_2023_the_s20_or_s21/;0
14w0kjm;is it normal that my s23 ultra speakers are less loud then my previous one plus 7 pro;Yk295;1689010492.0;https://www.reddit.com/r/samsung/comments/14w0kjm/is_it_normal_that_my_s23_ultra_speakers_are_less/;0
14w6hia;I miss the camera bump;darktabssr;1689023445.0;https://www.reddit.com/r/samsung/comments/14w6hia/i_miss_the_camera_bump/;0
14w5vaq;Samsung 970 evo plus ssd speed is lower than normal;HFMRDR;1689022113.0;https://www.reddit.com/r/samsung/comments/14w5vaq/samsung_970_evo_plus_ssd_speed_is_lower_than/;1
14vn660;Wait for S24 Ultra?;soidontgettracked;1688974936.0;https://www.reddit.com/r/samsung/comments/14vn660/wait_for_s24_ultra/;0
14vsuta;Anyone‚Äôs wireless speakers going nuts?;Ok-Stuff-8803;1688992616.0;https://www.reddit.com/r/samsung/comments/14vsuta/anyones_wireless_speakers_going_nuts/;0
14vf07a;People who have been using the flip phone, no matter which model, what is your honest thought?;Laineyyz;1688949720.0;https://www.reddit.com/r/samsung/comments/14vf07a/people_who_have_been_using_the_flip_phone_no/;0
14vsa4s;Experiences when ordering exclusive colourways?;BenSlaterrr;1688991058.0;https://www.reddit.com/r/samsung/comments/14vsa4s/experiences_when_ordering_exclusive_colourways/;0
14vpncj;Daily Support Thread;AutoModerator;1688983281.0;https://www.reddit.com/r/samsung/comments/14vpncj/daily_support_thread/;0
14v9tqi;A03;jennyisnuts;1688936793.0;https://www.reddit.com/r/samsung/comments/14v9tqi/a03/;0
14uxdax;Have Samsung's recent products degraded in quality?;Chakluxe;1688905691.0;https://www.reddit.com/r/samsung/comments/14uxdax/have_samsungs_recent_products_degraded_in_quality/;0
14v0y3p;S23 Ultra - cannot turn off Emergency SOS since the last update??? Random 911 calls...;dcmmcd;1688915384.0;https://www.reddit.com/r/samsung/comments/14v0y3p/s23_ultra_cannot_turn_off_emergency_sos_since_the/;0
14v9v5p;how is the battery life going to be on a 2 year old used s21 ultra ?;user3810;1688936888.0;https://www.reddit.com/r/samsung/comments/14v9v5p/how_is_the_battery_life_going_to_be_on_a_2_year/;0
14vl2n6;SoundAssistant blocked my alarm clock and led me to miss my summer classes twice.;temubrin;1688967849.0;https://www.reddit.com/r/samsung/comments/14vl2n6/soundassistant_blocked_my_alarm_clock_and_led_me/;0
14uwktj;Thinking of getting the Galaxy Watch 5 Pro;Jake3232323;1688903202.0;https://www.reddit.com/r/samsung/comments/14uwktj/thinking_of_getting_the_galaxy_watch_5_pro/;0
14vq543;Will we ever again have a phone screen without notch or hole for the front camera?;Sascha_Wohler;1688984789.0;https://www.reddit.com/r/samsung/comments/14vq543/will_we_ever_again_have_a_phone_screen_without/;0
14vbr47;Samsung care.. no monthly options?;whitieiii;1688941371.0;https://www.reddit.com/r/samsung/comments/14vbr47/samsung_care_no_monthly_options/;0
14v3oxj;Changing Galaxy S23 CSC on S918U1 to enable sim options;BuUsef;1688922148.0;https://www.reddit.com/r/samsung/comments/14v3oxj/changing_galaxy_s23_csc_on_s918u1_to_enable_sim/;0
14uy328;S95B 65 inch of Qn800B 65 inch?;mariofreak007;1688907853.0;https://www.reddit.com/r/samsung/comments/14uy328/s95b_65_inch_of_qn800b_65_inch/;0
14uhd5n;Get ready to flex your galaxy?;KickedAbyss;1688855181.0;https://www.reddit.com/r/samsung/comments/14uhd5n/get_ready_to_flex_your_galaxy/;0
14uo23c;Pixel 6 upgrade to S21 Ultra;yakadian;1688874219.0;https://www.reddit.com/r/samsung/comments/14uo23c/pixel_6_upgrade_to_s21_ultra/;0
14ur6vz;S22+ or S23;Shajid_R;1688884569.0;https://www.reddit.com/r/samsung/comments/14ur6vz/s22_or_s23/;0
14ufc97;Quick Share;143365;1688850186.0;https://www.reddit.com/r/samsung/comments/14ufc97/quick_share/;0
14u89s8;Upgraded from Note 9 to S23+;Pro4791;1688832770.0;https://www.reddit.com/r/samsung/comments/14u89s8/upgraded_from_note_9_to_s23/;0
14uuom2;Daily Support Thread;AutoModerator;1688896858.0;https://www.reddit.com/r/samsung/comments/14uuom2/daily_support_thread/;0
14u72z9;Pixel 7 Pro or Samsung S23?;anmol45;1688829927.0;https://www.reddit.com/r/samsung/comments/14u72z9/pixel_7_pro_or_samsung_s23/;0
14us3ff;How's the Instagram story quality on the s22 ultra?;samiygr-005;1688887687.0;https://www.reddit.com/r/samsung/comments/14us3ff/hows_the_instagram_story_quality_on_the_s22_ultra/;0
14uyyrt;Anyone else question amount of MP's;Colester415;1688910317.0;https://www.reddit.com/r/samsung/comments/14uyyrt/anyone_else_question_amount_of_mps/;0
14uwkgd;I want to upgrade from Note 8;SyrianTurk;1688903172.0;https://www.reddit.com/r/samsung/comments/14uwkgd/i_want_to_upgrade_from_note_8/;0
14tp7bd;The Galaxy S23 is seriously best of both worlds for me. Let me explain.;FaydingAway;1688777997.0;https://www.reddit.com/r/samsung/comments/14tp7bd/the_galaxy_s23_is_seriously_best_of_both_worlds/;0
14uwqad;Just did ONE UI 5.1 update and my phone is SO SLOW!;BigD-4891;1688903721.0;https://www.reddit.com/r/samsung/comments/14uwqad/just_did_one_ui_51_update_and_my_phone_is_so_slow/;0
14v0qk6;Samsung earbuds are trash;Yuck_Few;1688914890.0;https://www.reddit.com/r/samsung/comments/14v0qk6/samsung_earbuds_are_trash/;1
14u8xqr;Upgrading from A71;salexy;1688834415.0;https://www.reddit.com/r/samsung/comments/14u8xqr/upgrading_from_a71/;0
14uais8;Pixel 7 Pro or S23 ?;Accomplished-Sun-991;1688838373.0;https://www.reddit.com/r/samsung/comments/14uais8/pixel_7_pro_or_s23/;0
14u5r4j;Any disadvantages taking a full mp photo shoot (Samsung A54)?;Perza;1688826640.0;https://www.reddit.com/r/samsung/comments/14u5r4j/any_disadvantages_taking_a_full_mp_photo_shoot/;0
14u3bb5;No wifi calling;nesp12;1688820285.0;https://www.reddit.com/r/samsung/comments/14u3bb5/no_wifi_calling/;0
14u2qab;Samsung SSD 980 PRO 2TB goes suicidal;Iajah;1688818637.0;https://www.reddit.com/r/samsung/comments/14u2qab/samsung_ssd_980_pro_2tb_goes_suicidal/;0
14u0lhc;Question about Laptop;Zlatanabingbong2002;1688812262.0;https://www.reddit.com/r/samsung/comments/14u0lhc/question_about_laptop/;0
14u0gjl;how do the snapdragon 865 and exynos 2100 compare ?;user3810;1688811821.0;https://www.reddit.com/r/samsung/comments/14u0gjl/how_do_the_snapdragon_865_and_exynos_2100_compare/;0
14u00oa;Daily Support Thread;AutoModerator;1688810461.0;https://www.reddit.com/r/samsung/comments/14u00oa/daily_support_thread/;0
14thnf2;I think... Samsung finally came Full Circle with the Cancelled Apple AirPower;MoyanoJerald;1688759934.0;https://www.reddit.com/r/samsung/comments/14thnf2/i_think_samsung_finally_came_full_circle_with_the/;0
14szxry;Only Samsung/One UI makes Android feel premium;defnotskynet;1688714914.0;https://www.reddit.com/r/samsung/comments/14szxry/only_samsungone_ui_makes_android_feel_premium/;0
14tr3fw;Samsung Repair Ruined My Z Fold 4;xCable;1688783253.0;https://www.reddit.com/r/samsung/comments/14tr3fw/samsung_repair_ruined_my_z_fold_4/;0
14tvn8s;My Note 8 S Pen broke, and I'm curious about all S Pen sizes, now;SimonBestia;1688796537.0;https://www.reddit.com/r/samsung/comments/14tvn8s/my_note_8_s_pen_broke_and_im_curious_about_all_s/;0
14tqr7k;Upgrade to A24 from A12?;Waga_na_wa_Hu_Tao;1688782284.0;https://www.reddit.com/r/samsung/comments/14tqr7k/upgrade_to_a24_from_a12/;0
14tetd2;is the snapdragon 865 outdated ?;user3810;1688753562.0;https://www.reddit.com/r/samsung/comments/14tetd2/is_the_snapdragon_865_outdated/;0
14tti6c;Just got my new Tab S8 Ultra!;MexMander;1688790076.0;https://www.reddit.com/r/samsung/comments/14tti6c/just_got_my_new_tab_s8_ultra/;0
14t13ab;How is the Samsung S8 mostly better than the A13 despite being 5 years older?;Flewizzle;1688718647.0;https://www.reddit.com/r/samsung/comments/14t13ab/how_is_the_samsung_s8_mostly_better_than_the_a13/;0
14tsczg;Six weeks later.;nigeldcat;1688786811.0;https://www.reddit.com/r/samsung/comments/14tsczg/six_weeks_later/;0
14sxgcd;S10+ to s23;blackwrx007;1688707063.0;https://www.reddit.com/r/samsung/comments/14sxgcd/s10_to_s23/;0
14tgfxp;Samsung Money by SoFi;dumb-arpanet101;1688757220.0;https://www.reddit.com/r/samsung/comments/14tgfxp/samsung_money_by_sofi/;0
14taedd;Samsung Galaxy S23 Ultra: Do I need to a lens protector? Or a case thats designed to protect Camera Lens?;iiGoodVibesii;1688743630.0;https://www.reddit.com/r/samsung/comments/14taedd/samsung_galaxy_s23_ultra_do_i_need_to_a_lens/;0
14ssrq3;Galaxy S23 Ultra & Emulation;igotnewsforyas;1688694016.0;https://www.reddit.com/r/samsung/comments/14ssrq3/galaxy_s23_ultra_emulation/;0
14tbzuk;Is there a possibility that we are going to see new watches with Galaxy Unpacked in July?;kyrkas;1688747176.0;https://www.reddit.com/r/samsung/comments/14tbzuk/is_there_a_possibility_that_we_are_going_to_see/;0
14tgy7b;If you write 'North Korea ' with a space in android 13, it has a heart. I guess I love North Korea??;MrNyanCat1;1688758359.0;https://www.reddit.com/r/samsung/comments/14tgy7b/if_you_write_north_korea_with_a_space_in_android/;0
14su01r;Google vs Samsung Pay;dumb-arpanet101;1688697263.0;https://www.reddit.com/r/samsung/comments/14su01r/google_vs_samsung_pay/;0
14spjk6;a54 or s23?;ProfessionalRepeat10;1688685973.0;https://www.reddit.com/r/samsung/comments/14spjk6/a54_or_s23/;0
14t8xdd;Can I use an Tab A7 lite LTE as a phone?;jucasoldera;1688740259.0;https://www.reddit.com/r/samsung/comments/14t8xdd/can_i_use_an_tab_a7_lite_lte_as_a_phone/;0
14swg0b;Premium phones with additional perks;MseMahi;1688704032.0;https://www.reddit.com/r/samsung/comments/14swg0b/premium_phones_with_additional_perks/;0
14t0nkv;A54 not good long term? should I consider s21fe instead?;ProfessionalRepeat10;1688717192.0;https://www.reddit.com/r/samsung/comments/14t0nkv/a54_not_good_long_term_should_i_consider_s21fe/;0
14t2sgn;Daily Support Thread;AutoModerator;1688724072.0;https://www.reddit.com/r/samsung/comments/14t2sgn/daily_support_thread/;0
14t70b0;Samsung tab s8 or s9? (Base models);Sharpz8114400;1688735638.0;https://www.reddit.com/r/samsung/comments/14t70b0/samsung_tab_s8_or_s9_base_models/;0
14t6h03;Samsung files support only PDF or?;AdemSof;1688734302.0;https://www.reddit.com/r/samsung/comments/14t6h03/samsung_files_support_only_pdf_or/;0
14sld4h;s23 Ultra bypass charging is really myth ?;samuk190;1688676581.0;https://www.reddit.com/r/samsung/comments/14sld4h/s23_ultra_bypass_charging_is_really_myth/;0
14t61li;Samsung Galaxy S21 FE Exynos Edition;RagingTop;1688733175.0;https://www.reddit.com/r/samsung/comments/14t61li/samsung_galaxy_s21_fe_exynos_edition/;0
14smi7o;Experience with battery switching on Galaxy phones;diarchtct;1688679055.0;https://www.reddit.com/r/samsung/comments/14smi7o/experience_with_battery_switching_on_galaxy_phones/;0
14t31us;Anyone switched from iPhone to Samsung?;TylerIsTrash;1688724826.0;https://www.reddit.com/r/samsung/comments/14t31us/anyone_switched_from_iphone_to_samsung/;0
14sdho3;Am I just incredibly unlucky or is motherboard failure common with the S series?;fungibat_;1688659301.0;https://www.reddit.com/r/samsung/comments/14sdho3/am_i_just_incredibly_unlucky_or_is_motherboard/;0
14s6ifl;Which launcher do you use;LAZAR_31;1688643276.0;https://www.reddit.com/r/samsung/comments/14s6ifl/which_launcher_do_you_use/;0
14szkyb;NO SD Card Readers - What is my music solution;dhoust1;1688713807.0;https://www.reddit.com/r/samsung/comments/14szkyb/no_sd_card_readers_what_is_my_music_solution/;0
14sza18;Can i install old firmware from this option?;Kiloojoves6;1688712844.0;https://www.reddit.com/r/samsung/comments/14sza18/can_i_install_old_firmware_from_this_option/;0
14sufrs;Can Bixby respond to all unknown numbers?;coldstone87;1688698460.0;https://www.reddit.com/r/samsung/comments/14sufrs/can_bixby_respond_to_all_unknown_numbers/;0
14sq6e8;Phone keeps ringing even when caller has hung up;Danielbreen;1688687523.0;https://www.reddit.com/r/samsung/comments/14sq6e8/phone_keeps_ringing_even_when_caller_has_hung_up/;0
14sgf6x;Call Screening on Galaxy Devices?;ApolloAtlas;1688665549.0;https://www.reddit.com/r/samsung/comments/14sgf6x/call_screening_on_galaxy_devices/;0
14spq8p;Good Lock regions;DarkEmperor682;1688686396.0;https://www.reddit.com/r/samsung/comments/14spq8p/good_lock_regions/;0
14sf3hb;Pairing s8 with a 2023 gimbal;werchoosingusername;1688662666.0;https://www.reddit.com/r/samsung/comments/14sf3hb/pairing_s8_with_a_2023_gimbal/;0
14rx8ui;Anyone else get music playing from their Samsung phone from an unknown source?;Numerous_Landscape16;1688616057.0;https://www.reddit.com/r/samsung/comments/14rx8ui/anyone_else_get_music_playing_from_their_samsung/;0
14snssa;Can someone make sense of this: a Samsung qled 50in goes for $599, but an iPad Pro is a grand?;one4u2ponder;1688681963.0;https://www.reddit.com/r/samsung/comments/14snssa/can_someone_make_sense_of_this_a_samsung_qled/;0
14rdnrr;Samsung's Quick share finally arrived for Every Windows PC ü•≥üéä;Joel__subash;1688570366.0;https://www.reddit.com/r/samsung/comments/14rdnrr/samsungs_quick_share_finally_arrived_for_every/;0
14smnk3;Is it worth to go from a S22 to s23 ultra?;limonboy8;1688679384.0;https://www.reddit.com/r/samsung/comments/14smnk3/is_it_worth_to_go_from_a_s22_to_s23_ultra/;0
14s1ycn;"The problem with Exynos is ""Samsung Foundry"" ?";warmongerexist;1688629935.0;https://www.reddit.com/r/samsung/comments/14s1ycn/the_problem_with_exynos_is_samsung_foundry/;0
14sk45i;Have trouble connecting XM4 or XM5 to Samsung TV via Bluetooth? Read this!;Sucralan;1688673796.0;https://www.reddit.com/r/samsung/comments/14sk45i/have_trouble_connecting_xm4_or_xm5_to_samsung_tv/;0
14sao01;Multi-User Support for One UI 6 Phone ?;energytrader7;1688653304.0;https://www.reddit.com/r/samsung/comments/14sao01/multiuser_support_for_one_ui_6_phone/;0
14s38gy;You can now reserve for the upcoming flip devices on Samsungs website for a $50 credit;JonesError;1688633923.0;https://www.reddit.com/r/samsung/comments/14s38gy/you_can_now_reserve_for_the_upcoming_flip_devices/;0
14sdxxa;Samsung TV horizontal lines (UM50MU6300);Seaweed713;1688660225.0;https://www.reddit.com/r/samsung/comments/14sdxxa/samsung_tv_horizontal_lines_um50mu6300/;0
14rhes2;Friends in the US: How do you get past the green bubble stigma?;moripeji;1688578172.0;https://www.reddit.com/r/samsung/comments/14rhes2/friends_in_the_us_how_do_you_get_past_the_green/;0
14s22gv;How to report problems in samsung members with crash logs;kostis_ampazis;1688630351.0;https://www.reddit.com/r/samsung/comments/14s22gv/how_to_report_problems_in_samsung_members_with/;0
14s4hif;Daily Support Thread;AutoModerator;1688637663.0;https://www.reddit.com/r/samsung/comments/14s4hif/daily_support_thread/;0
14slcnm;s24 wish list;justarussian22;1688676550.0;https://www.reddit.com/r/samsung/comments/14slcnm/s24_wish_list/;0
14rqx1i;HW-A40M Samsung audio bar/Subwoofer bad?;Rookshar2;1688599252.0;https://www.reddit.com/r/samsung/comments/14rqx1i/hwa40m_samsung_audio_barsubwoofer_bad/;0
14s3con;Camera settings for Reels on Note 20 Ultra;Unhappy_Direction147;1688634243.0;https://www.reddit.com/r/samsung/comments/14s3con/camera_settings_for_reels_on_note_20_ultra/;0
14rdt1r;The A-line in 2021-2022 was one of the worst mid-range phone designs of its time;zzz333666hhh;1688570670.0;https://www.reddit.com/r/samsung/comments/14rdt1r/the_aline_in_20212022_was_one_of_the_worst/;0
14rqsty;My thoughts about the current leaks of S23 fees chipset;AbdullahAfzalKhan;1688598970.0;https://www.reddit.com/r/samsung/comments/14rqsty/my_thoughts_about_the_current_leaks_of_s23_fees/;0
14rms1d;Samsung oversharpened videos;WolfMete;1688589880.0;https://www.reddit.com/r/samsung/comments/14rms1d/samsung_oversharpened_videos/;0
14rf7wo;Official product images leak for Samsung Galaxy Tab S9, Galaxy Tab S9 Plus and Galaxy Tab S9 Ultra.;RenegadeUK;1688573647.0;https://www.notebookcheck.net/Official-product-images-leak-for-Samsung-Galaxy-Tab-S9-Galaxy-Tab-S9-Plus-and-Galaxy-Tab-S9-Ultra.732195.0.html;1
14qztk7;TIL Samsung Keyboard on mobile has a Delete Key shortcut;IceShark2142;1688530419.0;https://www.reddit.com/r/samsung/comments/14qztk7/til_samsung_keyboard_on_mobile_has_a_delete_key/;0
14rl6hd;Samsung tab active 3 low light camera;krzkrl;1688586334.0;https://www.reddit.com/r/samsung/comments/14rl6hd/samsung_tab_active_3_low_light_camera/;1
14r6hh8;What are your Galaxy S23 ‚Äúphew‚Äù moments, you dropped your phone on a hard surface but it survived to tell the tale?;Both-Cryptographer-1;1688552027.0;https://www.reddit.com/r/samsung/comments/14r6hh8/what_are_your_galaxy_s23_phew_moments_you_dropped/;0
14r5xbf;Im considering making the swap from apple, convince me?;Asketic;1688550343.0;https://www.reddit.com/r/samsung/comments/14r5xbf/im_considering_making_the_swap_from_apple/;0
14rcjbd;SAMSUNG Galaxy S21 FE Exynos;RagingTop;1688567968.0;https://www.reddit.com/r/samsung/comments/14rcjbd/samsung_galaxy_s21_fe_exynos/;0
14rlrg4;Next computer will be galaxy book but 360 or not?;mothwizzard;1688587609.0;https://www.reddit.com/r/samsung/comments/14rlrg4/next_computer_will_be_galaxy_book_but_360_or_not/;0
14rgrz5;Where can I get the rear speakers for the Q series soundbar??;darkwinter95;1688576847.0;https://www.reddit.com/r/samsung/comments/14rgrz5/where_can_i_get_the_rear_speakers_for_the_q/;0
14qj5xf;Share your home screens!;theresachanceimgay;1688486548.0;https://www.reddit.com/r/samsung/comments/14qj5xf/share_your_home_screens/;0
14qst5p;I'm planning on getting the S23+ soon;_Etherr;1688509305.0;https://www.reddit.com/r/samsung/comments/14qst5p/im_planning_on_getting_the_s23_soon/;0
14r680w;Daily Support Thread;AutoModerator;1688551279.0;https://www.reddit.com/r/samsung/comments/14r680w/daily_support_thread/;0
14r0da8;Thoughts on future non-ultra S series phones supporting the S-pen;babelon-17;1688532214.0;https://www.reddit.com/r/samsung/comments/14r0da8/thoughts_on_future_nonultra_s_series_phones/;0
14qve2m;Any way to force pop up player on websites that don't allow it?;RandomBloke2021;1688516524.0;https://www.reddit.com/r/samsung/comments/14qve2m/any_way_to_force_pop_up_player_on_websites_that/;0
14r7voq;Is the Tab A8 any good in 2023?;Programmeter;1688556154.0;https://www.reddit.com/r/samsung/comments/14r7voq/is_the_tab_a8_any_good_in_2023/;0
14r71jy;Let's talk ovens;WEZANGO;1688553696.0;https://www.reddit.com/r/samsung/comments/14r71jy/lets_talk_ovens/;0
14r1adm;Will the Galaxy S23 series get significantly discounted on Prime Day?;LED_Ambience;1688535213.0;https://www.reddit.com/r/samsung/comments/14r1adm/will_the_galaxy_s23_series_get_significantly/;0
14qy8fw;Any suggestions?;Ok-Ice-3058;1688525348.0;https://www.reddit.com/r/samsung/comments/14qy8fw/any_suggestions/;0
14r499u;Does the Galaxy A20 support Android 11 w One UI 3?;vGraphs;1688544985.0;https://www.reddit.com/r/samsung/comments/14r499u/does_the_galaxy_a20_support_android_11_w_one_ui_3/;0
14qb5g7;Any major diferences in the s22 and s23;random_MathQs;1688465456.0;https://www.reddit.com/r/samsung/comments/14qb5g7/any_major_diferences_in_the_s22_and_s23/;0
14q79hc;One UI 5.1.1 Beta Changelog (some features will apply for One UI 6 Beta as well);Proshis_Saha_Swopna;1688452811.0;https://www.reddit.com/r/samsung/comments/14q79hc/one_ui_511_beta_changelog_some_features_will/;1
14qruqa;Samsung Reapair Center Experience : Pathetic -0/5;DOORHUBMATES;1688506879.0;https://www.reddit.com/r/samsung/comments/14qruqa/samsung_reapair_center_experience_pathetic_05/;0
14qlveh;Does anyone want a $20 Samsung Store code?;DivisionMV;1688492787.0;https://www.reddit.com/r/samsung/comments/14qlveh/does_anyone_want_a_20_samsung_store_code/;0
14qrwxh;Galaxy fit 3;techguyone;1688507033.0;https://www.reddit.com/r/samsung/comments/14qrwxh/galaxy_fit_3/;0
14qpvh6;Refrigerator;d3lta8;1688502119.0;https://www.reddit.com/r/samsung/comments/14qpvh6/refrigerator/;0
14qm357;Does Samsung S23 Ultra have blurry edges when using main camera to take a close up photo;Krasza11;1688493302.0;https://www.reddit.com/r/samsung/comments/14qm357/does_samsung_s23_ultra_have_blurry_edges_when/;0
14r7zia;So now there's no reason to buy a Galaxy Book anymore.;Adriaaaaaaanoooo;1688556474.0;https://www.reddit.com/r/samsung/comments/14r7zia/so_now_theres_no_reason_to_buy_a_galaxy_book/;0
14qdj8h;How to get google lens back in samsung gallery?;Kiloojoves6;1688472629.0;https://www.reddit.com/r/samsung/comments/14qdj8h/how_to_get_google_lens_back_in_samsung_gallery/;0
14qiqcd;S22 Ultra to S23 Ultra?;StealthyCharger;1688485573.0;https://www.reddit.com/r/samsung/comments/14qiqcd/s22_ultra_to_s23_ultra/;0
14qliyw;Does this work?;SeanyJohnny1869;1688491957.0;https://www.reddit.com/r/samsung/comments/14qliyw/does_this_work/;0
14qcq1e;Is it possible to install One UI 3 on an unsupported device ?;RedditUser_2020-;1688470194.0;https://www.reddit.com/r/samsung/comments/14qcq1e/is_it_possible_to_install_one_ui_3_on_an/;0
14qeubh;My galaxy watch active 2 went nuts and it's not in warranty anymore.;kyrkas;1688476239.0;https://www.reddit.com/r/samsung/comments/14qeubh/my_galaxy_watch_active_2_went_nuts_and_its_not_in/;0
14qhs8b;4 months to refund purchase after delivery lost;HereticP;1688483333.0;https://www.reddit.com/r/samsung/comments/14qhs8b/4_months_to_refund_purchase_after_delivery_lost/;0
14plnub;My phone called 911 but there's no record of it in call history;Anionethere;1688396904.0;https://www.reddit.com/r/samsung/comments/14plnub/my_phone_called_911_but_theres_no_record_of_it_in/;0
14qaykg;Daily Support Thread;AutoModerator;1688464862.0;https://www.reddit.com/r/samsung/comments/14qaykg/daily_support_thread/;0
14qfvge;Just upgraded to the s23 ultra and I'm looking for a case;shmu_ros;1688478864.0;https://www.reddit.com/r/samsung/comments/14qfvge/just_upgraded_to_the_s23_ultra_and_im_looking_for/;0
14pxf3e;Is there any way to make an app to ask for a password;kostis_ampazis;1688424300.0;https://www.reddit.com/r/samsung/comments/14pxf3e/is_there_any_way_to_make_an_app_to_ask_for_a/;0
14pwthi;S23U Lavender colorway.;Alewood0;1688422852.0;https://www.reddit.com/r/samsung/comments/14pwthi/s23u_lavender_colorway/;0
14p9cvq;Just bought my first ever Samsung phone;henryyyy_;1688360273.0;https://www.reddit.com/r/samsung/comments/14p9cvq/just_bought_my_first_ever_samsung_phone/;0
14q6ngx;How to turn off voicemail notification?;LordTerminator;1688450805.0;https://www.reddit.com/r/samsung/comments/14q6ngx/how_to_turn_off_voicemail_notification/;0
14q6lid;Faster charging?;YouBugged;1688450619.0;https://www.reddit.com/r/samsung/comments/14q6lid/faster_charging/;0
14pp4yt;Just bought S21, coming from A71;Tushyyy;1688404876.0;https://www.reddit.com/r/samsung/comments/14pp4yt/just_bought_s21_coming_from_a71/;0
14pjvc2;What are your reviwes and experiences with Galaxy s23 (small one)?;Luneticben;1688392870.0;https://www.reddit.com/r/samsung/comments/14pjvc2/what_are_your_reviwes_and_experiences_with_galaxy/;0
14poq4q;Accidentally called 911 because of the weird touch screen and ui. A32;1881pac;1688403935.0;https://www.reddit.com/r/samsung/comments/14poq4q/accidentally_called_911_because_of_the_weird/;0
14phqpk;S23 Ultra battery life;sinto03;1688387544.0;https://www.reddit.com/r/samsung/comments/14phqpk/s23_ultra_battery_life/;0
14pscuj;Fold3 has almost completely stopped working after 1.5 years;Longnick_Cage;1688412515.0;https://www.reddit.com/r/samsung/comments/14pscuj/fold3_has_almost_completely_stopped_working_after/;0
14puf26;Does the AI capabilities of an SoC matter?;predattor15;1688417423.0;https://www.reddit.com/r/samsung/comments/14puf26/does_the_ai_capabilities_of_an_soc_matter/;0
14px2il;Question about galaxy book 360 stand and wear;carolina_hokie;1688423451.0;https://www.reddit.com/r/samsung/comments/14px2il/question_about_galaxy_book_360_stand_and_wear/;0
14pvfgu;how good is my battery?;thalaxyst;1688419663.0;https://www.reddit.com/r/samsung/comments/14pvfgu/how_good_is_my_battery/;0
14pvfbo;S23 ultra apps not auto updating;Oakenshield-;1688419654.0;https://www.reddit.com/r/samsung/comments/14pvfbo/s23_ultra_apps_not_auto_updating/;0
14pfk7i;TIL Smart tags survive a trip in the washing machine.;Original-Material301;1688381188.0;https://www.reddit.com/r/samsung/comments/14pfk7i/til_smart_tags_survive_a_trip_in_the_washing/;0
14psv0a;Samsung Galaxy S23 Ultra Lavender, 512GB and a Samsung Galaxy Chromebook Go Silver, 64GB (UK Version) only ¬£1,249!!;Infamous-Avocado-324;1688413786.0;https://www.reddit.com/r/samsung/comments/14psv0a/samsung_galaxy_s23_ultra_lavender_512gb_and_a/;0
14psbwv;Resolution question on 65-Inch Class Neo QLED 8K QN800B Series Mini LED Quantum HDR;CantFixMoronic;1688412452.0;https://www.reddit.com/r/samsung/comments/14psbwv/resolution_question_on_65inch_class_neo_qled_8k/;0
14p7756;Should I switch my 4G S9 for a 5G A14?;IllHabit626;1688353537.0;https://www.reddit.com/r/samsung/comments/14p7756/should_i_switch_my_4g_s9_for_a_5g_a14/;0
14q7b69;is july update for s22 (europe) safe ?;WISE_NIGG;1688452963.0;https://www.reddit.com/r/samsung/comments/14q7b69/is_july_update_for_s22_europe_safe/;0
14pfosm;Samsung Galaxy S23's July 2023 security patch has started rolling out;maki23;1688381594.0;https://www.androidpolice.com/samsung-july-2023-us-carrier-updates/;0
14pmv6g;Galaxy watch comes with with S23, but they're out of stock.;AntiElephantMine;1688399691.0;https://www.reddit.com/r/samsung/comments/14pmv6g/galaxy_watch_comes_with_with_s23_but_theyre_out/;0
14pm7uh;Which screen mode you use;Kiloojoves6;1688398182.0;https://www.reddit.com/r/samsung/comments/14pm7uh/which_screen_mode_you_use/;0
14pbdwy;S23 July patch by T-Mobile;SavingUaClick;1688366951.0;https://www.reddit.com/r/samsung/comments/14pbdwy/s23_july_patch_by_tmobile/;0
14peqk5;Daily Support Thread;AutoModerator;1688378477.0;https://www.reddit.com/r/samsung/comments/14peqk5/daily_support_thread/;0
14p5mjw;Creaking sound when unfolding z fold 4?!?;Lover0fL1fe;1688348965.0;https://www.reddit.com/r/samsung/comments/14p5mjw/creaking_sound_when_unfolding_z_fold_4/;0
14p82kz;Which is better?;sjelstay;1688356244.0;https://www.reddit.com/r/samsung/comments/14p82kz/which_is_better/;0
14pg6bb;Qn85b;JoePedala25;1688383091.0;https://www.reddit.com/r/samsung/comments/14pg6bb/qn85b/;0
14px21n;Why does my phone has a limit of alarm ? I can't find any results on google ? The limit of my phone is 100 alarm;G4SPARD;1688423421.0;https://www.reddit.com/r/samsung/comments/14px21n/why_does_my_phone_has_a_limit_of_alarm_i_cant/;0
14p3i6f;Samsung Tab as external drawing tablet for PC;ASomeoneOnReddit;1688342894.0;https://www.reddit.com/r/samsung/comments/14p3i6f/samsung_tab_as_external_drawing_tablet_for_pc/;0
14oi0yi;S23 users without screen protector, how is your screen so far?;SangeGod;1688282860.0;https://www.reddit.com/r/samsung/comments/14oi0yi/s23_users_without_screen_protector_how_is_your/;0
14otz9k;Screen protector for S23?;ant_man18;1688319045.0;https://www.reddit.com/r/samsung/comments/14otz9k/screen_protector_for_s23/;0
14okawc;Any lifelong pixel users with the S23 Ultra?;Dinos_12345;1688291143.0;https://www.reddit.com/r/samsung/comments/14okawc/any_lifelong_pixel_users_with_the_s23_ultra/;0
14oxon6;Good upgrade from the A71 5G;Randolph__;1688328143.0;https://www.reddit.com/r/samsung/comments/14oxon6/good_upgrade_from_the_a71_5g/;0
14of0hu;Samsung notes alternative;ProfessorOhas;1688272387.0;https://www.reddit.com/r/samsung/comments/14of0hu/samsung_notes_alternative/;0
14ooj9a;Samsung customer care;klemmik;1688305062.0;https://www.reddit.com/r/samsung/comments/14ooj9a/samsung_customer_care/;0
14oflzt;Phone keeps calling emergency numbers.;pickledickleme;1688274411.0;https://www.reddit.com/r/samsung/comments/14oflzt/phone_keeps_calling_emergency_numbers/;0
14onasf;Is Samsung A14 a 32 or 64 bit phone?;AntonioS3;1688301499.0;https://www.reddit.com/r/samsung/comments/14onasf/is_samsung_a14_a_32_or_64_bit_phone/;1
14okjxo;Daily Support Thread;AutoModerator;1688292064.0;https://www.reddit.com/r/samsung/comments/14okjxo/daily_support_thread/;0
14orpbk;App that turns your phone into a RULER;Strong_Economy_3378;1688313344.0;https://www.reddit.com/r/samsung/comments/14orpbk/app_that_turns_your_phone_into_a_ruler/;0
14olrwe;Custom Roms for the Galaxy A53;TooMuchVanced;1688296386.0;https://www.reddit.com/r/samsung/comments/14olrwe/custom_roms_for_the_galaxy_a53/;0
14ob9wj;Samsung QLED making friends;WaideBliss;1688260617.0;https://www.reddit.com/r/samsung/comments/14ob9wj/samsung_qled_making_friends/;0
14o2ops;Customization, how much?;TreeSapSlushi;1688237752.0;https://www.reddit.com/r/samsung/comments/14o2ops/customization_how_much/;0
14o4nne;Using s22 ultra like a desktop with a USB hub;Stock-Philosophy8675;1688242884.0;https://www.reddit.com/r/samsung/comments/14o4nne/using_s22_ultra_like_a_desktop_with_a_usb_hub/;0
14olv7c;Unofficial custom roms for the S20 FE;TooMuchVanced;1688296703.0;https://www.reddit.com/r/samsung/comments/14olv7c/unofficial_custom_roms_for_the_s20_fe/;1
14okoey;Samsung A71 Screen Discoloration - pushed by an update?;i_redditor1;1688292476.0;https://www.reddit.com/r/samsung/comments/14okoey/samsung_a71_screen_discoloration_pushed_by_an/;0
14nwg9q;2 week old s23+ worried about battery life;ClearheadedActress;1688221612.0;https://www.reddit.com/r/samsung/comments/14nwg9q/2_week_old_s23_worried_about_battery_life/;0
14o3g4l;Suggestions on S22 Ultra Protector that actually works with Fingerprint?;Zezima-RS;1688239753.0;https://www.reddit.com/r/samsung/comments/14o3g4l/suggestions_on_s22_ultra_protector_that_actually/;0
14o9gdf;How do I change the song on my Samsung washer and dryer?;omnibuslabs;1688255383.0;https://www.reddit.com/r/samsung/comments/14o9gdf/how_do_i_change_the_song_on_my_samsung_washer_and/;0
14ofso1;Fast Charging Hot to the Touch?;theycravevan;1688275069.0;https://www.reddit.com/r/samsung/comments/14ofso1/fast_charging_hot_to_the_touch/;0
14o29xs;Maybe Upgrade?;1donmarquis;1688236681.0;https://www.reddit.com/r/samsung/comments/14o29xs/maybe_upgrade/;0
14o7g2b;Worst Nightmare Ever;therealmrsymba;1688250009.0;https://www.reddit.com/r/samsung/comments/14o7g2b/worst_nightmare_ever/;1
14o2668;120 hz Samsung TV not smooth at 60 fps;maximasx15;1688236407.0;https://www.reddit.com/r/samsung/comments/14o2668/120_hz_samsung_tv_not_smooth_at_60_fps/;1
14o0x38;Buds 2 pro charge;Charlie_McLaren;1688233197.0;https://www.reddit.com/r/samsung/comments/14o0x38/buds_2_pro_charge/;0
14o6dy6;Alternatives to S23 Ultra?;kiwi33d;1688247248.0;https://www.reddit.com/r/samsung/comments/14o6dy6/alternatives_to_s23_ultra/;0
14nr56z;Migrating from iPhone 12 to S23U, also got a Tab S7+, looking for tips;robomario;1688205308.0;https://www.reddit.com/r/samsung/comments/14nr56z/migrating_from_iphone_12_to_s23u_also_got_a_tab/;0
14ocxfp;S23;blade_imaginato1;1688265611.0;https://www.reddit.com/r/samsung/comments/14ocxfp/s23/;0
14nznjs;A34 5g vs M34 5g;LAWDA_SUR;1688229917.0;https://www.reddit.com/r/samsung/comments/14nznjs/a34_5g_vs_m34_5g/;0
14npfhi;Cinematic Mode;Stitcheatssticks;1688198981.0;https://www.reddit.com/r/samsung/comments/14npfhi/cinematic_mode/;0
14no326;Over ear headphones when?;raggedysax;1688194269.0;https://www.reddit.com/r/samsung/comments/14no326/over_ear_headphones_when/;0
14nf3hy;Phone recommendations?;iridescent_cloud_;1688166510.0;https://www.reddit.com/r/samsung/comments/14nf3hy/phone_recommendations/;0
14nr984;Daily Support Thread;AutoModerator;1688205694.0;https://www.reddit.com/r/samsung/comments/14nr984/daily_support_thread/;0
14nmv0l;Phone Recommendation?;Jackson2615;1688190118.0;https://www.reddit.com/r/samsung/comments/14nmv0l/phone_recommendation/;0
14nv6fg;Anyone's s23 ultra randomly restarting at night after the June update?;lawonga;1688218123.0;https://www.reddit.com/r/samsung/comments/14nv6fg/anyones_s23_ultra_randomly_restarting_at_night/;0
14mz49t;Why are some apps better on iOS compared with Android?;valvasss;1688128285.0;https://www.reddit.com/r/samsung/comments/14mz49t/why_are_some_apps_better_on_ios_compared_with/;0
14nhmvo;SOS Messages / Emergency Sharing Changes;RS_Games;1688173542.0;https://www.reddit.com/r/samsung/comments/14nhmvo/sos_messages_emergency_sharing_changes/;0
14npibi;Samsung S95C OLED - external storage expansion;sriraj13;1688199272.0;https://www.reddit.com/r/samsung/comments/14npibi/samsung_s95c_oled_external_storage_expansion/;0
14nck1t;Samsung phone feels faster on power saving mode;carsoflondonontario;1688160169.0;https://www.reddit.com/r/samsung/comments/14nck1t/samsung_phone_feels_faster_on_power_saving_mode/;0
14ncsce;Bug in June 2023 S23 Ultra (Update);codywinters327;1688160709.0;https://www.reddit.com/r/samsung/comments/14ncsce/bug_in_june_2023_s23_ultra_update/;0
14n3ffj;Choosing Between the fold 4 and S23 +;SpaceBarX47;1688138675.0;https://www.reddit.com/r/samsung/comments/14n3ffj/choosing_between_the_fold_4_and_s23/;0
14njgh7;Is it wrong of me to prefer One UI 3 (Android 11) over One UI 5 (Android 13)?;ZynDroid;1688179131.0;https://www.reddit.com/r/samsung/comments/14njgh7/is_it_wrong_of_me_to_prefer_one_ui_3_android_11/;0
14n24ny;How much battery does always on display use?;Almighty_Push91;1688135701.0;https://www.reddit.com/r/samsung/comments/14n24ny/how_much_battery_does_always_on_display_use/;0
14mumun;Long term , non YouTuber S23u Reviews?;Crustysockenthusiast;1688113906.0;https://www.reddit.com/r/samsung/comments/14mumun/long_term_non_youtuber_s23u_reviews/;0
14mhzap;is the vibrator on the s23 the same one as on the s22 ?;user3810;1688076246.0;https://www.reddit.com/r/samsung/comments/14mhzap/is_the_vibrator_on_the_s23_the_same_one_as_on_the/;1
14n7kiv;Did anyone else just get an update for One UI 5.1 again?;barnhard1983;1688148334.0;https://www.reddit.com/r/samsung/comments/14n7kiv/did_anyone_else_just_get_an_update_for_one_ui_51/;0
14nq4gj;The future of 6G;Rippereddie1-6118;1688201547.0;https://www.reddit.com/r/samsung/comments/14nq4gj/the_future_of_6g/;0
14n4nnn;Samsung TVs + PlayStation HDR;G0dzirrraa_;1688141463.0;https://www.reddit.com/r/samsung/comments/14n4nnn/samsung_tvs_playstation_hdr/;0
14mlu1g;I didn't respect android as much as i do now... that's why;Roki100;1688086263.0;https://www.reddit.com/r/samsung/comments/14mlu1g/i_didnt_respect_android_as_much_as_i_do_now_thats/;0
14mwswa;Samsung screen protector for an S23 Ultra;pineybtw;1688121446.0;https://www.reddit.com/r/samsung/comments/14mwswa/samsung_screen_protector_for_an_s23_ultra/;0
14mz611;Z Flip 4;Steelking96;1688128427.0;https://www.reddit.com/r/samsung/comments/14mz611/z_flip_4/;0
14n1rar;Can Bixby voice automate phone calls?;startedfromthetop67;1688134835.0;https://www.reddit.com/r/samsung/comments/14n1rar/can_bixby_voice_automate_phone_calls/;0
14mhhv5;Loving my S23 base.;BlackSeaDeluge;1688075079.0;https://www.reddit.com/r/samsung/comments/14mhhv5/loving_my_s23_base/;0
14mlq9z;Some S23U battery usage comparisons between connection options and apps;Poupalata;1688085971.0;https://www.reddit.com/r/samsung/comments/14mlq9z/some_s23u_battery_usage_comparisons_between/;0
14mcxmt;Galaxy earbuds suck;Gart-Vader;1688064358.0;https://www.reddit.com/r/samsung/comments/14mcxmt/galaxy_earbuds_suck/;0
14mn8h7;Z Flip 5 or Moto Razr+?;StealthyCharger;1688090286.0;https://www.reddit.com/r/samsung/comments/14mn8h7/z_flip_5_or_moto_razr/;0
14mw4sk;Daily Support Thread;AutoModerator;1688119271.0;https://www.reddit.com/r/samsung/comments/14mw4sk/daily_support_thread/;0
14m9cnt;Love or hate square corners?;Long-Free;1688055821.0;https://www.reddit.com/r/samsung/comments/14m9cnt/love_or_hate_square_corners/;0
14lvipp;Smart Things Find & Google find my device not optimized at all for thefts;jriead;1688014409.0;https://www.reddit.com/r/samsung/comments/14lvipp/smart_things_find_google_find_my_device_not/;0
14mari1;What do you choose if office is giving you free either Samsung S 21 FE or Samsung S 22 ?;last_darkknight;1688059196.0;https://www.reddit.com/r/samsung/comments/14mari1/what_do_you_choose_if_office_is_giving_you_free/;0
14m18l3;Thoughts about getting the S23 plus or the iPhone Pro;domokun0803;1688033894.0;https://www.reddit.com/r/samsung/comments/14m18l3/thoughts_about_getting_the_s23_plus_or_the_iphone/;0
14mgyaj;Moisture at Charge Port Message;runner_790;1688073768.0;https://www.reddit.com/r/samsung/comments/14mgyaj/moisture_at_charge_port_message/;0
14mqddq;Why samsung!;Retop1;1688099740.0;https://www.reddit.com/r/samsung/comments/14mqddq/why_samsung/;0
14mozjo;Is the bananagate still an issue today?;JasonBRZ;1688095457.0;https://www.reddit.com/r/samsung/comments/14mozjo/is_the_bananagate_still_an_issue_today/;0
14mdm4m;Where to find cheap phones?;sjelstay;1688065977.0;https://www.reddit.com/r/samsung/comments/14mdm4m/where_to_find_cheap_phones/;0
14m62ud;Update June 2023 S21 U 5g Overheating;mickynuts;1688047957.0;https://www.reddit.com/r/samsung/comments/14m62ud/update_june_2023_s21_u_5g_overheating/;0
14m4q7q;Added apps to my phone;Carbon24K;1688044439.0;https://www.reddit.com/r/samsung/comments/14m4q7q/added_apps_to_my_phone/;0
14m6nkw;Just got a QN90C - Should I still bother with my Shield or does the TV handle everything these days?;thefunkygibbon;1688049381.0;https://www.reddit.com/r/samsung/comments/14m6nkw/just_got_a_qn90c_should_i_still_bother_with_my/;0
14l9o2a;Women, or men with smallish hands, did you get used to the S23U size?;ALemonyLemon;1687959215.0;https://www.reddit.com/r/samsung/comments/14l9o2a/women_or_men_with_smallish_hands_did_you_get_used/;0
14lvfqd;Sim card lock;IfuDidntCome2Party;1688014153.0;https://www.reddit.com/r/samsung/comments/14lvfqd/sim_card_lock/;0
14lti9d;Customization Service;AFellowOtaku7;1688008311.0;https://www.reddit.com/r/samsung/comments/14lti9d/customization_service/;0
14m0xeo;Daily Support Thread;AutoModerator;1688032855.0;https://www.reddit.com/r/samsung/comments/14m0xeo/daily_support_thread/;0
14lofuf;mous limitless 5.0 case or a dbrand grip case;Solidsneakers_;1687994343.0;https://www.reddit.com/r/samsung/comments/14lofuf/mous_limitless_50_case_or_a_dbrand_grip_case/;0
14lsglc;Historically, When is the anticipated first significant price drop for the 2023 85 inch QN900C 8K TV happening? $7500 is a bit steep today.;JazJon;1688005310.0;https://www.reddit.com/r/samsung/comments/14lsglc/historically_when_is_the_anticipated_first/;0
14lmrzs;is there a difference in speakers between the s23 and the plus ?;user3810;1687990192.0;https://www.reddit.com/r/samsung/comments/14lmrzs/is_there_a_difference_in_speakers_between_the_s23/;0
14m8iy0;Dear Samsung, please make a phone with an APSC sensor and high quality lens (I don't mind if its thick);JanCumin;1688053854.0;https://www.reddit.com/r/samsung/comments/14m8iy0/dear_samsung_please_make_a_phone_with_an_apsc/;0
14lhf8w;Difference between s21 fe and s23 ultra;RelationshipDry2211;1687977597.0;https://www.reddit.com/r/samsung/comments/14lhf8w/difference_between_s21_fe_and_s23_ultra/;0
14l8vix;is the galaxy watch 4 a good purchase in 2023?;DR-BrightClone2;1687957176.0;https://www.reddit.com/r/samsung/comments/14l8vix/is_the_galaxy_watch_4_a_good_purchase_in_2023/;0
14lufbp;My S23u got a 2200.67 MB update S918BXXS1AWD1, but almost no information I could find about it;rohithkumarsp;1688011060.0;https://www.reddit.com/r/samsung/comments/14lufbp/my_s23u_got_a_220067_mb_update_s918bxxs1awd1_but/;0
14lfd3z;New camera assistant update (v1.1.02.2);Antonis_32;1687972716.0;https://www.reddit.com/r/samsung/comments/14lfd3z/new_camera_assistant_update_v11022/;0
14kvrsw;One UI 6?;YouBugged;1687915516.0;https://www.reddit.com/r/samsung/comments/14kvrsw/one_ui_6/;0
14lbt76;Samsung Freestyle + Docking station;Ippocampo_90;1687964409.0;https://www.reddit.com/r/samsung/comments/14lbt76/samsung_freestyle_docking_station/;0
14lahox;Buying from Samsung vs Verizon;Joshual1177;1687961238.0;https://www.reddit.com/r/samsung/comments/14lahox/buying_from_samsung_vs_verizon/;0
14kramg;Samsung vs. Google apps: which ones do you use?;US_MaxDG;1687904015.0;https://www.reddit.com/r/samsung/comments/14kramg/samsung_vs_google_apps_which_ones_do_you_use/;0
14ldx6j;Tizen Upgrade on TVs;sriraj13;1687969379.0;https://www.reddit.com/r/samsung/comments/14ldx6j/tizen_upgrade_on_tvs/;0
14kxcy7;How long have you had a galaxy for and have you still used it past its support date?;unmatched_chopsticks;1687919956.0;https://www.reddit.com/r/samsung/comments/14kxcy7/how_long_have_you_had_a_galaxy_for_and_have_you/;0
14lfh2a;Using G-SYNC with Samsung Odyssey Neo G7 43‚Äù S43CG70?;strumpy_strudel;1687972987.0;https://www.reddit.com/r/samsung/comments/14lfh2a/using_gsync_with_samsung_odyssey_neo_g7_43_s43cg70/;0
14l1t99;How to manage samsung mobile devices?;AnCoreX;1687933935.0;https://www.reddit.com/r/samsung/comments/14l1t99/how_to_manage_samsung_mobile_devices/;0
14ky2mx;Does the s23 continue to learn battery usage even after it has learned?;Stitcheatssticks;1687921948.0;https://www.reddit.com/r/samsung/comments/14ky2mx/does_the_s23_continue_to_learn_battery_usage_even/;0
14l5bn7;Daily Support Thread;AutoModerator;1687946461.0;https://www.reddit.com/r/samsung/comments/14l5bn7/daily_support_thread/;0
